"Channel Title","Channel URL","Channel ID",Position,"Video Title","Video URL","Video ID","Publish Date",Duration,Views,Description,"Thumbnail URL","Availability Status"
"فنون العربية",https://www.youtube.com/@fonon_arabic,UC1Z2SVr3TMB7sPrJDw1D1_g,1,"سر كلمتي رجالاً وضامر في رحلة الحج",https://www.youtube.com/watch?v=Xr21qBnmZDU,Xr21qBnmZDU,2026-05-26T13:11:23Z,01:24,983,"صوت القارئ : كريم منصوري .
أهلاً بكَ أخي الكريم. السِّياقُ القُرآني في هذه الآيةِ يُعطي هاتين اللَّفظتين مَعانيَ دقيقةً بليغةً، تختلفُ عمّا قد يتبادرُ إلى الذهنِ في الاستعمالِ الدَّارجِ:

مَعْنَى (رِجَالاً):
المَقْصُودُ بها هُنَا: المُشَاةُ عَلَى أَقْدَامِهِمْ (جَمْعُ رَاجِل، مِثْلَ: تَاجِر وَتِجَار، وَصَاحِب وَصِحَاب)، وَلَيْسَ المَقْصُودُ بها الذُّكُورَ (مُقَابِلَ النِّسَاءِ).

اللَّطِيفَةُ البَلَاغِيَّةُ: قَدَّمَ اللهُ تعالى المُشَاةَ (رِجَالاً) عَلَى الرُّكْبَانِ (وَعَلَى كُلِّ ضَامِرٍ)؛ تَشْرِيفاً لَهُمْ، وَتَقْدِيراً لِعِظَمِ جُهْدِهِمْ وَمَشَقَّتِهِمْ فِي السَّيْرِ إِلَى بَيْتِ اللهِ الحَرَامِ.

مَعْنَى (ضَامِرٍ):
الضَّامِرُ هُوَ الحَيَوَانُ المَهْزُولُ نَحِيفُ البَطْنِ، وَالمَقْصُودُ بِهِ هُنَا: الإِبِلُ (الرَّوَاحِلُ) الَّتِي أَنْهَكَهَا السَّفَرُ.

اللَّطِيفَةُ البَلَاغِيَّةُ: هَذَا الضُّمُورُ لَيْسَ عَيْباً فِي المَاشِيَةِ أَوْ مَرَضاً، بَلْ هُوَ ضُمُورُ مَدْحٍ؛ لِأَنَّهُ نَاتِجٌ عَنْ قَطْعِ المَسَافَاتِ الطَّوِيلَةِ وَالفَيافِي القَاحِلَةِ طَاعَةً للهِ وَشَوْقاً لِلْحَجِّ.

فَيَكُونُ المَعْنَى العَامُّ لِلتَّقْسِيمِ فِي الآيَةِ: أَنَّ النَّاسَ سَيَأْتُونَ لِلْحَجِّ عَلَى حَالَيْنِ: إِمَّا مُشَاةً عَلَى أَرْجُلِهِمْ، وَإِمَّا رُكْبَاناً عَلَى إِبِلٍ نَحِيفَةٍ مِنْ طُولِ السَّيْرِ.",https://i.ytimg.com/vi/Xr21qBnmZDU/hqdefault.jpg,available
"فنون العربية",https://www.youtube.com/@fonon_arabic,UC1Z2SVr3TMB7sPrJDw1D1_g,2,"أنشودة الحروف العربية بصوت جميل",https://www.youtube.com/watch?v=jRk56bjqJtk,jRk56bjqJtk,2026-04-18T19:08:13Z,03:28,"5,238","أنشودة الحروف العربية بصوت جميل
تعلم نطق الحروف العربية
إِخْوَانِي وَأَخَوَاتِي أَوْلِيَاءَ الْأُمُورِ.. أَبْنَائِي وَبَنَاتِي الْأَعِزَّاءَ؛ لُغَتُنَا الْعَرَبِيَّةُ هِيَ لُغَةُ الْقُرْآنِ الْكَرِيمِ، لُغَةُ الْجَمَالِ، وَبِدَايَةُ رِحْلَتِنَا فِيهَا تَبْدَأُ مِنْ حُرُوفِ الْهِجَاءِ. الْيَوْمَ سَنَحْفَظُهَا بِلَحْنٍ عَذْبٍ يُسَهِّلُ عَلَيْنَا تَذَكُّرَهَا؛ فَأَنْصِتُوا جَيِّدًا
#تعلم #لغتي_الجميلة #لغتي_هويتي #لغة_عربية #اللغة_العربية_للأطفال 
#حروف_الهجاء #تعليم_الحروف #اللغة_العربية #أطفال #تعلم_العربية #تأسيس_أطفال #حروف_اللغة_العربية #عربي #Alphabet #arabicalphabet #arbic 
#LearnArabic #ArabicForKids #ArabicLetters #HijaiyahLetters #Arabiyah #ArabicSchool #LanguageLearning #EducationalVideo
#تعليم_حروف_الهجاء_بالأغنية
#طريقة_سهلة_لحفظ_الحروف
#تحفيظ_الحروف_العربية_للأطفال
#أغاني_تعليمية_لرياض_الأطفال
#كيف_أعلم_طفلي_الحروف",https://i.ytimg.com/vi/jRk56bjqJtk/hqdefault.jpg,available
"فنون العربية",https://www.youtube.com/@fonon_arabic,UC1Z2SVr3TMB7sPrJDw1D1_g,3,"علامات الاعراب أغنية",https://www.youtube.com/watch?v=MJ2yZrYZvks,MJ2yZrYZvks,2026-04-12T10:46:55Z,02:39,"1,865","أنشودة علامات الاعراب لتسهيل الحفظ",https://i.ytimg.com/vi/MJ2yZrYZvks/hqdefault.jpg,available
"فنون العربية",https://www.youtube.com/@fonon_arabic,UC1Z2SVr3TMB7sPrJDw1D1_g,4,"الاسم المقصور والمنقوص والممدود والصحيح",https://www.youtube.com/watch?v=P0aUlodjRkc,P0aUlodjRkc,2026-04-11T20:40:51Z,02:03,"1,310","الاسم المقصور والمنقوص والممدود والصحيح",https://i.ytimg.com/vi/P0aUlodjRkc/hqdefault.jpg,available
"فنون العربية",https://www.youtube.com/@fonon_arabic,UC1Z2SVr3TMB7sPrJDw1D1_g,5,"أنشودة حروف الجر مع أمثلة #اكسبلور #جديدي #تصميمي #تيك_توك #جديد #لايك",https://www.youtube.com/watch?v=VzTbvKFyF04,VzTbvKFyF04,2026-04-08T15:01:02Z,00:57,"2,749","أنشودة حروف الجر مع أمثلة توضيحية لحروف الجر",https://i.ytimg.com/vi/VzTbvKFyF04/hqdefault.jpg,available
"فنون العربية",https://www.youtube.com/@fonon_arabic,UC1Z2SVr3TMB7sPrJDw1D1_g,6,"أنشودة الأفعال الناسخة كان وأخواتها",https://www.youtube.com/watch?v=vA4J8TEec70,vA4J8TEec70,2026-04-04T16:10:56Z,00:33,"3,851","أنشودة الأفعال الناسخة كان وأخواتها #اكسبلور #جديد #تصميمي",https://i.ytimg.com/vi/vA4J8TEec70/hqdefault.jpg,available
"فنون العربية",https://www.youtube.com/@fonon_arabic,UC1Z2SVr3TMB7sPrJDw1D1_g,7,"أنشودة الحروف الناسخة",https://www.youtube.com/watch?v=Ts4O-O71Oyo,Ts4O-O71Oyo,2026-03-28T19:56:13Z,00:29,"4,693","أنشودة الحروف الناسخة ومعانيها - أنشودة لتبسيط حفظ الحروف الناسخة ومعانيها",https://i.ytimg.com/vi/Ts4O-O71Oyo/hqdefault.jpg,available
"فنون العربية",https://www.youtube.com/@fonon_arabic,UC1Z2SVr3TMB7sPrJDw1D1_g,8,"الأسماء المبنية #اكسبلور #learnarab  #النحو",https://www.youtube.com/watch?v=ZKWbjLxHgcQ,ZKWbjLxHgcQ,2025-12-27T18:50:26Z,01:09,"10,441",,https://i.ytimg.com/vi/ZKWbjLxHgcQ/hqdefault.jpg,available
"فنون العربية",https://www.youtube.com/@fonon_arabic,UC1Z2SVr3TMB7sPrJDw1D1_g,9,"إعراب أنلزمكموها  #تعلم_العربية  #learnarab  #فنون_العربية  #النحو #لغتي_الجميلة #لغتنا_العربية",https://www.youtube.com/watch?v=Kkadrq1-JOs,Kkadrq1-JOs,2025-09-09T18:00:24Z,01:29,"14,562","إعراب أنلزمكموه بالتفصيل",https://i.ytimg.com/vi/Kkadrq1-JOs/hqdefault.jpg,available
"فنون العربية",https://www.youtube.com/@fonon_arabic,UC1Z2SVr3TMB7sPrJDw1D1_g,10,"إعراب فسيكفيكهم الله  #تعلم_العربية #learnarab #فنون_العربية #النحو #لغتي_الجميلة #علم #لغتنا",https://www.youtube.com/watch?v=w8bJ2vBrIPY,w8bJ2vBrIPY,2025-09-07T21:00:52Z,01:30,"10,826","إعراب فسيكفيكهم الله",https://i.ytimg.com/vi/w8bJ2vBrIPY/hqdefault.jpg,available
"فنون العربية",https://www.youtube.com/@fonon_arabic,UC1Z2SVr3TMB7sPrJDw1D1_g,11,"إعراب فأسقيناكموه #تعلم_العربية #learnarab #فنون_العربية#النحو #لغتي_الجميلة #علم #لغتنا_العربية",https://www.youtube.com/watch?v=WorKQQevGrk,WorKQQevGrk,2025-09-07T18:00:25Z,01:30,"11,079","إعراب فأسقيناكموه بالتفصيل",https://i.ytimg.com/vi/WorKQQevGrk/hqdefault.jpg,available
"فنون العربية",https://www.youtube.com/@fonon_arabic,UC1Z2SVr3TMB7sPrJDw1D1_g,12,"الأسماء الخمسة ومعانيها  #تعلم_العربية  #النحو  #فنون_العربية #learnarab #لغتي_الجميلة #لغتي_هويتي",https://www.youtube.com/watch?v=FSCwBP3W9UE,FSCwBP3W9UE,2025-08-29T17:15:00Z,01:30,"15,794","الأسماء الخمسة ومعانيها",https://i.ytimg.com/vi/FSCwBP3W9UE/hqdefault.jpg,available
"فنون العربية",https://www.youtube.com/@fonon_arabic,UC1Z2SVr3TMB7sPrJDw1D1_g,13,"إعراب لفظ عام وسنة #تعلم_العربية  #النحو #فنون_العربية #learnarab #علم #لغتنا_الجميلة #لغتي_الجميلة",https://www.youtube.com/watch?v=xVkzvKnlCJc,xVkzvKnlCJc,2025-08-28T19:05:25Z,01:30,"5,572","إعراب لفظ عام وسنة بالتفصيل",https://i.ytimg.com/vi/xVkzvKnlCJc/hqdefault.jpg,available
"فنون العربية",https://www.youtube.com/@fonon_arabic,UC1Z2SVr3TMB7sPrJDw1D1_g,14,"تذكير العدد وتأنيثه مع لفظ عام وسنة  #تعلم_العربية  #النحو # تعليم #learnarab #علم #لغتي_الجميلة",https://www.youtube.com/watch?v=YcgmIK2JMsk,YcgmIK2JMsk,2025-08-28T15:28:00Z,01:30,"6,738","تذكير العدد وتأنيثه مع لفظ عام وسنة",https://i.ytimg.com/vi/YcgmIK2JMsk/hqdefault.jpg,available
"فنون العربية",https://www.youtube.com/@fonon_arabic,UC1Z2SVr3TMB7sPrJDw1D1_g,15,"علوم البلاغة -  سلسلة تعلم البلاغة 2 #اكسبلور #تعلم_العربية #البلاغة_العربية #فنون_العربية",https://www.youtube.com/watch?v=MxNdUY7kk9Q,MxNdUY7kk9Q,2025-08-11T14:00:16Z,05:21,"14,100","علوم البلاغة -  سلسلة تعلم البلاغة 2
في هذا الدرس شرح لتعريف البلاغة ومعرفة علوم البلاغة وتعريف كل نوع وذكر موضوعاته 
الدرس الأول من سلسلة تعلم البلاغة من هنا : 
https://youtu.be/APAms2bx2mM",https://i.ytimg.com/vi/MxNdUY7kk9Q/hqdefault.jpg,available
"فنون العربية",https://www.youtube.com/@fonon_arabic,UC1Z2SVr3TMB7sPrJDw1D1_g,16,"الفرق بين الفصاحة والبلاغة  - سلسلة تعلم البلاغة 1#اكسبلور #تعلم_العربية #فنون_العربية #learnarab",https://www.youtube.com/watch?v=APAms2bx2mM,APAms2bx2mM,2025-08-08T18:27:30Z,07:14,"14,912","الفرق بين الفصاحة والبلاغة  - سلسلة تعلم البلاغة 
نشرح تعريف البلاغة والفرق بين الفصاحة والبلاغة ومقدمة في علم البلاغة",https://i.ytimg.com/vi/APAms2bx2mM/hqdefault.jpg,available
"فنون العربية",https://www.youtube.com/@fonon_arabic,UC1Z2SVr3TMB7sPrJDw1D1_g,17,"الفرق بين القصاحة والبلاغة  سلسلة تعلم البلاغة 1 #تعلم_العربية #النحو #اكسبلور #فنون_العربية",https://www.youtube.com/watch?v=MDBUiqc8jtk,MDBUiqc8jtk,2025-08-06T17:51:43Z,01:30,"10,605","الفرق بين القصاحة والبلاغة  سلسلة تعلم البلاغة 1 
#اكسبلور 
#تعلم_العربية 
#فنون_العربية 
#لغتي_الجميلة 
#education 
#learnarab",https://i.ytimg.com/vi/MDBUiqc8jtk/hqdefault.jpg,available
"فنون العربية",https://www.youtube.com/@fonon_arabic,UC1Z2SVr3TMB7sPrJDw1D1_g,18,"إعراب هنا وهناك وهنالك   سلسلة تعلم الإعراب 74",https://www.youtube.com/watch?v=5G1IbpYm5cU,5G1IbpYm5cU,2025-08-04T19:24:16Z,05:10,"7,712","إعراب هنا وهناك وهنالك   سلسلة تعلم الإعراب 74
#فنون_العربية
#تعلم 
#تعلم_العربية 
#لغتي_الجميلة",https://i.ytimg.com/vi/5G1IbpYm5cU/hqdefault.jpg,available
"فنون العربية",https://www.youtube.com/@fonon_arabic,UC1Z2SVr3TMB7sPrJDw1D1_g,19,"بودكاست كيف أتقن الإعراب بسهولة؟",https://www.youtube.com/watch?v=ZBFiXj94ZFg,ZBFiXj94ZFg,2025-08-03T18:36:12Z,09:37,"4,077","رابط قائمة التشغيل : سلسلة تعلم الإعراب والقواعد النحوية : 
https://www.youtube.com/playlist?list=PLrFRFRnrC6-U43IsG-wFjjZtwbDN06AVQ
هنا مقطعان لتعلم الإعراب مع أمثلة :
https://www.youtube.com/playlist?list=PLrFRFRnrC6-WP3TGrTNYK5sQ_Uz2wFXqd",https://i.ytimg.com/vi/ZBFiXj94ZFg/hqdefault.jpg,available
"فنون العربية",https://www.youtube.com/@fonon_arabic,UC1Z2SVr3TMB7sPrJDw1D1_g,20,"الفرق بين باع وابتاع والفرق بين شرى واشترى",https://www.youtube.com/watch?v=FCg40r6Ub9M,FCg40r6Ub9M,2025-07-16T19:31:25Z,00:54,"2,330","الفرق بين باع وابتاع والفرق بين شرى واشترى
#قدرات",https://i.ytimg.com/vi/FCg40r6Ub9M/hqdefault.jpg,available
"فنون العربية",https://www.youtube.com/@fonon_arabic,UC1Z2SVr3TMB7sPrJDw1D1_g,21,"بودكاست عن الجملة الفعلية   الحلقة الأولى",https://www.youtube.com/watch?v=I8CQ2uzyL0c,I8CQ2uzyL0c,2025-05-31T14:13:49Z,04:56,"3,064","بودكاست عن الجملة الفعلية   الحلقة الأولى 
رأيكم مهم",https://i.ytimg.com/vi/I8CQ2uzyL0c/hqdefault.jpg,available
"فنون العربية",https://www.youtube.com/@fonon_arabic,UC1Z2SVr3TMB7sPrJDw1D1_g,22,"أسماء الإشارة للقريب",https://www.youtube.com/watch?v=IW-4TCdwU64,IW-4TCdwU64,2025-01-09T16:47:50Z,00:56,"24,106","أسماء الإشارة للقريب 
لمتابعة الدرس كاملا للقريب والبعيد من هنا:
https://youtu.be/eO0c3sBP6Zg?si=wDG1tcOhncg97wPO",https://i.ytimg.com/vi/IW-4TCdwU64/hqdefault.jpg,available
"فنون العربية",https://www.youtube.com/@fonon_arabic,UC1Z2SVr3TMB7sPrJDw1D1_g,23,"الأسماء الخمسة",https://www.youtube.com/watch?v=JCxGAuSi7R4,JCxGAuSi7R4,2025-01-07T19:48:57Z,01:29,"7,674","#اكسبلور #تيك_توك #ترند_تيك_توك #لايك #ترند_تيك_توك #شعر #greenscreen #قصيد #تعلم",https://i.ytimg.com/vi/JCxGAuSi7R4/hqdefault.jpg,available
"فنون العربية",https://www.youtube.com/@fonon_arabic,UC1Z2SVr3TMB7sPrJDw1D1_g,24,"إعراب سورة الفلق  سلسلة تعلم الإعراب 73",https://www.youtube.com/watch?v=p2eHdZavDP4,p2eHdZavDP4,2025-01-04T19:36:19Z,07:52,"9,182","إعراب سورة الفلق  سلسلة تعلم الإعراب 73
 القارئ الشيخ كريم منصوري",https://i.ytimg.com/vi/p2eHdZavDP4/hqdefault.jpg,available
"فنون العربية",https://www.youtube.com/@fonon_arabic,UC1Z2SVr3TMB7sPrJDw1D1_g,25,"إعراب سورة الناس - سلسلة تعلم الإعراب 72",https://www.youtube.com/watch?v=tJKRdZVMiQw,tJKRdZVMiQw,2025-01-03T20:26:38Z,06:50,"7,034","إعراب سورة الناس - سلسلة تعلم الإعراب 72
القارئ الشيخ/ كريم منصوري",https://i.ytimg.com/vi/tJKRdZVMiQw/hqdefault.jpg,available
"فنون العربية",https://www.youtube.com/@fonon_arabic,UC1Z2SVr3TMB7sPrJDw1D1_g,26,"همزة الأخلاق وصل أم قطع؟ #اكسبلور #تيك_توك #لايك",https://www.youtube.com/watch?v=0zzyNiQc7Qs,0zzyNiQc7Qs,2025-01-01T08:32:58Z,01:28,"2,837","#اكسبلور #تيك_توك #لايك",https://i.ytimg.com/vi/0zzyNiQc7Qs/hqdefault.jpg,available
"فنون العربية",https://www.youtube.com/@fonon_arabic,UC1Z2SVr3TMB7sPrJDw1D1_g,27,"حفظ أوزان صيغ المبالغة بطريقة سهلة رائعة  #اكسبلور",https://www.youtube.com/watch?v=o-kt1_4DTi8,o-kt1_4DTi8,2024-12-20T12:05:44Z,01:30,"6,311","حفظ أوزان صيغ المبالغة بطريقة سهلة رائعة 
لمتابعة الدرس كاملا من هنا : https://youtu.be/uEUDRxF86qI?si=Mo914EgqtN6xsSuk",https://i.ytimg.com/vi/o-kt1_4DTi8/hqdefault.jpg,available
"فنون العربية",https://www.youtube.com/@fonon_arabic,UC1Z2SVr3TMB7sPrJDw1D1_g,28,"زمن تنكست الرؤوس به",https://www.youtube.com/watch?v=ip7aENXcSgs,ip7aENXcSgs,2024-11-14T19:17:09Z,00:41,"3,139","زَمَنٌ تَنَكَّسَتِ الرؤوسُ بِهِ
وعَلَا بهِ المتطاوِلُ الذَّنَبُ

الشُّهْمُ تحتَ الوَغْدِ مُنْدَحِرٌ
والدِّيكُ فوقَ الصقرِ مُنتَصِبُ

يا موتُ أقبِلْ لا حياةَ لنا
ميزانُ هذا العصرِ مُنقَلِبُ!
للشاعر الدكتور / فواز اللعبون",https://i.ytimg.com/vi/ip7aENXcSgs/hqdefault.jpg,available
"فنون العربية",https://www.youtube.com/@fonon_arabic,UC1Z2SVr3TMB7sPrJDw1D1_g,29,"إعراب أعجبتني الزهرة لونها",https://www.youtube.com/watch?v=lZAP9Z-swkc,lZAP9Z-swkc,2024-04-13T19:16:17Z,03:02,"74,037","إعراب أعجبتني الزهرة لونها
 شرح درس البدل و أقسامه : ( كل من كل ــ  بعض من كل ــ اشتمال ) من هنا: 
https://youtu.be/1Qg0zSoIFLg
لمتابعة درس التوكيد اللفظي و المعنوي ــ سلسلة تعلم الإعراب 36.mp4
https://youtu.be/PJJ4dXlYuxw 

أسعد بانضمامكم  وشرف لي انتسابكم إلى قناة فنون العربية و تفعيل الانتساب اليوتيوب الجديدة 2020 ودعم صناع المحتوى
https://www.youtube.com/channel/UC1Z2SVr3TMB7sPrJDw1D1_g/join
أنواع النعت (الصفة) سلسلة تعلم الإعراب 33.mp4
https://youtu.be/QbPnbwIyRsQ
أنواع الخبر شرح بالتفصيل ـ سلسلة تعلم الإعراب 14.mp4
https://youtu.be/5sLnAlW74vQ
الفرق بين النعت الحقيقي و النعت السببي ـ سلسة تعلم الإعراب 34.mp4
https://youtu.be/Cu6xb3CgW8U
الفرق بين الصفة و الحال ـ سلسلة تعلم الإعراب 31.
https://youtu.be/YIPVugqseKY
علامات الإعراب  الأصلية : ( الضمة ـ الفتحة ـ الكسرة ) سلسلة تعلم الإعراب 5
https://youtu.be/_GpJcCQl79w
علامات الإعراب الفرعية شرح بالتفصيل ـ سلسلة تعلم الإعراب 6
https://youtu.be/FUGuenhyaZ4
الفاعل و علامات إعرابه و أنواعه ـ سلسلة تعلم الإعراب 9
https://youtu.be/GeoiDO3Y6ls
المفعول به و علامات إعرابه و أنواعه ـ سلسلة تعلم الإعراب 10
https://youtu.be/-sSadKciHjA
يمكنكم دعم القناة لاستمرار المحتوى على paypal من خلال الرابط التالي :
https://paypal.me/mamado77777?locale.x=ar_EG
#فنون_العربية_محمد_حسين",https://i.ytimg.com/vi/lZAP9Z-swkc/hqdefault.jpg,available
"فنون العربية",https://www.youtube.com/@fonon_arabic,UC1Z2SVr3TMB7sPrJDw1D1_g,30,"إعراب كلمة مساكين",https://www.youtube.com/watch?v=2OgMwuSuEwU,2OgMwuSuEwU,2024-01-13T18:51:13Z,03:22,"20,730","إعراب كلمة مساكين في سورة الكهف الآية 79 
القارئ الشيخ / كريم منصوري 
شرح درس الممنوع من الصرف :
https://youtu.be/DsI2Bmsw3r8",https://i.ytimg.com/vi/2OgMwuSuEwU/hqdefault.jpg,available
"فنون العربية",https://www.youtube.com/@fonon_arabic,UC1Z2SVr3TMB7sPrJDw1D1_g,31,"همزة الوصل وهمزة القطع تنبيهات",https://www.youtube.com/watch?v=05Xw7aHPTfc,05Xw7aHPTfc,2024-01-10T18:46:37Z,05:13,"13,113","همزة الوصل  (ألف الوصل) وهمزة القطع تنبيهات 
شرح درس همزة الوصل وهمزة القطع بالتفصيل المقطع الأول : 
https://youtu.be/WLLyn3VWPrM
تطبيقات على همزة الوصل وهمزة القطع المقطع الثاني : 
https://youtu.be/6tw5rfM8Kz4
مشاهدة الهمزة المتوسطة في جميع حالاتها من هنا :
https://youtu.be/Zu6W9eO6B8Q
مشاهدة شرح درس الهمزة المتطرفة من هنا : 
https://youtu.be/Ddjsp90qy7c
مشاهدة شرح درس الهمزة المتوسطة على الألف :
 https://youtu.be/O4a3qPro0Lo
مشاهدة شرح درس الهمزة المتوسطة على الواو من هنا : https://youtu.be/T4r_gsnWV5M 
مشاهدة أيضا شرح درس الهمزة المتوسطة على الياء : https://youtu.be/KYFJnuSvH6w
شرح درس الهمزة المتوسطة على السطر :
https://youtu.be/l0a-l9JneaM
مشاهدة درس همزة الوصل و همزة القطع من هنا : 
https://youtu.be/WLLyn3VWPrM
يمكنكم دعم القناة لاستمرار المحتوى على paypal من خلال الرابط التالي :
https://paypal.me/mamado77777?locale.x=ar_EG

#فنون_العربية_محمد_حسين",https://i.ytimg.com/vi/05Xw7aHPTfc/hqdefault.jpg,available
"فنون العربية",https://www.youtube.com/@fonon_arabic,UC1Z2SVr3TMB7sPrJDw1D1_g,32,"تطبيقات على همزة الوصل وهمزة القطع",https://www.youtube.com/watch?v=6tw5rfM8Kz4,6tw5rfM8Kz4,2024-01-06T15:50:12Z,15:59,"29,811","تطبيقات على همزة الوصل (ألف الوصل) وهمزة القطع
شرح المقطع الأصلي من هنا :
https://youtu.be/WLLyn3VWPrM?feature=shared
مشاهدة الهمزة المتوسطة في جميع حالاتها من هنا :
https://youtu.be/Zu6W9eO6B8Q
مشاهدة شرح درس الهمزة المتطرفة من هنا : 
https://youtu.be/Ddjsp90qy7c
مشاهدة شرح درس الهمزة المتوسطة على الألف :
 https://youtu.be/O4a3qPro0Lo
مشاهدة شرح درس الهمزة المتوسطة على الواو من هنا : https://youtu.be/T4r_gsnWV5M 
مشاهدة أيضا شرح درس الهمزة المتوسطة على الياء : https://youtu.be/KYFJnuSvH6w
شرح درس الهمزة المتوسطة على السطر :
https://youtu.be/l0a-l9JneaM
مشاهدة درس همزة الوصل و همزة القطع من هنا : 
https://youtu.be/WLLyn3VWPrM
يمكنكم دعم القناة لاستمرار المحتوى على paypal من خلال الرابط التالي :
https://paypal.me/mamado77777?locale.x=ar_EG

#فنون_العربية_محمد_حسين",https://i.ytimg.com/vi/6tw5rfM8Kz4/hqdefault.jpg,available
"فنون العربية",https://www.youtube.com/@fonon_arabic,UC1Z2SVr3TMB7sPrJDw1D1_g,33,"المعنى الحقيقي لعبارة أكلت السمكة حتى رأسها",https://www.youtube.com/watch?v=fn92suefTpU,fn92suefTpU,2024-01-01T17:57:49Z,01:36,"6,359","المعنى الحقيقي لعبارة أكلت السمكة حتى رأسها 
لمعرفة المعنى والإعراب من هنا :
https://youtu.be/JWpC8phSflk?si=eTKC03RcfP6hkA6e",https://i.ytimg.com/vi/fn92suefTpU/hqdefault.jpg,available
"فنون العربية",https://www.youtube.com/@fonon_arabic,UC1Z2SVr3TMB7sPrJDw1D1_g,34,"صيغ المبالغة",https://www.youtube.com/watch?v=uEUDRxF86qI,uEUDRxF86qI,2023-12-16T19:17:05Z,08:07,"238,321","شرح صيغ المبالغة بالتفصيل 
المشتقات : اسم الفاعل واسم المفعول من الفعل الثلاثي
لمتابعة شرح درس اسم المفعول من الفعل الثلاثي  :
https://youtu.be/GOVBsUI1Z2E
لمتابعة شرح درس اسم الفاعل من الفعل الثلاثي من هنا :
https://youtu.be/sMwYsA_Vs0U
لمتابعة شرح درس اسم الفاعل من الفعل الثلاثي وغير الثلاثي من هنا :
https://youtu.be/6UPEUsX8nxM
اسم المفعول من الفعل الثلاثي وغير الثلاثي
https://youtu.be/QiUumXzus3A
أسعد بانضمامكم  وشرف لي انتسابكم إلى قناة فنون العربية و تفعيل الانتساب اليوتيوب الجديدة ودعم صناع المحتوى
https://www.youtube.com/channel/UC1Z2...
يمكنكم متابعة قائمة التشغيل لتعلم النحو والإعراب من البداية من هنا :
https://www.youtube.com/playlist?list...
للتواصل معي عبر حسابات التواصل الاجتماعي من هنا : 
فيس بوك 
https://www.facebook.com/mhmd.m.hsyn.1
تويتر 
https://twitter.com/mama77do
إنستجرام 
https://www.instagram.com/ma77mado/
لمتابعتنا في قناة التليجرام  بها الكثير من الاختبارات الإلكترونية من هنا : 
https://t.me/fonoonarabic
#فنون_العربية_محمد_حسين",https://i.ytimg.com/vi/uEUDRxF86qI/hqdefault.jpg,available
"فنون العربية",https://www.youtube.com/@fonon_arabic,UC1Z2SVr3TMB7sPrJDw1D1_g,35,"أتظن أنك عندما أحرقتني للشاعر السعودي مهذل الصقور",https://www.youtube.com/watch?v=BqL1glxEop4,BqL1glxEop4,2023-11-03T17:57:03Z,04:42,"6,849","قصيدة أتظن أنك عندما أحرقتني 
أنا كالقيامة ذات يوم آت
للشاعر السعودي / مهذل الصقور 
كلمات القصيدة :
أتَظُنُّ أنكَ عندما أحرَقْتَنِي          ورَقَصْتَ كالشيطانِ فوق رُفاتي
وتَرَكْتَنِي للذَّاِرياتِ تَذُرُّنِي          كُحلاً لعين الشمس في الفلوات
أتظن أنك قد طَمَست هويتي          ومَحَوْتَ تاريخي ومعتقداتي
عبثاً تُحاول ... لا فناء لثائرٍ           أنا كالقِيامةِ ذاتَ يومٍ آت
أنا مثلُ عيسى عائدٌ وبقوةٍ             من كل عاصفةٍ أَلُمُّ شَتاتي
سأعودُ أقدمَ عاشقٍ متمردٍ           سأعودُ أعظمَ أعظمَ الثَّوراتِ
سأعودُ بالتوراةِ والإنجيلِ وال          قرآنِ والتسبيحِ والصلواتِ
سأعودُ بالأديانِ دينًا واحدًا          خالٍ من الأحْقادِ والنَّعَرات
رجلٌ من الأخدودِ ما من عودتي           بُدٌ ... أنا كلُّ الزَّمانِ الآتي

للتواصل معي عبر حسابات التواصل الاجتماعي من هنا : 
فيس بوك 
https://www.facebook.com/mhmd.m.hsyn.1
تويتر 
https://twitter.com/mama77do
إنستجرام 
https://www.instagram.com/ma77mado/",https://i.ytimg.com/vi/BqL1glxEop4/hqdefault.jpg,available
"فنون العربية",https://www.youtube.com/@fonon_arabic,UC1Z2SVr3TMB7sPrJDw1D1_g,36,"أصل كلمة بنات",https://www.youtube.com/watch?v=QACbNrZlpa0,QACbNrZlpa0,2023-08-25T17:01:32Z,04:16,"77,132","أصل كلمة بنات
نوع الجمع في كلمة بنات 
هل كلمة بنات جمع تكسير؟
هل كلمة بنات جمع مؤنث سالم؟
هل كلمة بنات ملحق بجمع المؤنث السالم؟
إعراب كلمة بنات 
يمكنكم دعم القناة لاستمرار المحتوى على paypal من خلال الرابط التالي :
https://paypal.me/mamado77777?locale.x=ar_EG
يمكنكم متابعة قائمة التشغيل لتعلم النحو والإعراب من البداية من هنا :
https://www.youtube.com/playlist?list...
للتواصل معي عبر حسابات التواصل الاجتماعي من هنا : 
فيس بوك 
https://www.facebook.com/mhmd.m.hsyn.1
تويتر 
https://twitter.com/mama77do
إنستجرام 
https://www.instagram.com/ma77mado/
لمتابعتنا في قناة التليجرام  بها الكثير من الاختبارات الإلكترونية من هنا : 
https://t.me/fonoonarabic
#فنون_العربية_محمد_حسين",https://i.ytimg.com/vi/QACbNrZlpa0/hqdefault.jpg,available
"فنون العربية",https://www.youtube.com/@fonon_arabic,UC1Z2SVr3TMB7sPrJDw1D1_g,37,"علامات الترقيم كاملة",https://www.youtube.com/watch?v=mnjF79r2QK8,mnjF79r2QK8,2023-08-22T15:14:00Z,59:16,"96,252","علامات الترقيم كاملة
يمكنكم دعم القناة لاستمرار المحتوى على paypal من خلال الرابط التالي :
https://paypal.me/mamado77777?locale.x=ar_EG
رابط الاختبار الإلكتروني :
https://forms.gle/VYE63AVu6aeZ2mhc7

الفترات الزمنية للمقطع بالترتيب:
00:00 التحية وشرح ما يدور بالمقطع 
00:54 مقدمة عن أهمية علامة الترقيم وشرح لبعض منها .
07:24 تعريف علامات الترقيم وبيان فائدتها 
08:30 علامة الترقيم: الفاصلة 
13:48 علامة الترقيم: الفاصلة المنقوطة 
20:46 علامة الترقيم:النقطة
26:26  علامة الاستفهام 
30:42 علامة التعجب أو التأثر 
35:09 علامة الترقيم: النقطتان الرأسيتان 
39:17 علامة الترقيم: علامة الحذف 
42:22 علامة الترقيم: القوسان الهلاليان
46:23 علامة الترقيم: قوسا التنصيص
48:39 علامة الترقيم: القوسان المزهران 
50:23 علامة الترقيم: القوسان المعقوفان أو المركنان 
51:49 علامة الترقيم: الشرطة أو العارضة أو الوصلة
55:09 علامة الترقيم الشرطتان أو شرطتا الاعتراض
56:33 علامة الترقيم: الشرطة المائلة 
يمكنكم مشاهدة المقاطع من هنا أيضا:
المقطع الأول:  مقدمة علامات الترقيم 
https://youtu.be/S_JbF3UzG90
المقطع الثاني : علامات الترقيم :  الفاصلة 
https://youtu.be/AIL8FMjHr2g
المقطع الثالث : علامات الترقيم:  الفاصلة المنقوطة 
https://youtu.be/aTtOHqmNLmM
المقطع الرابع : النقطة 
https://youtu.be/H3bNxiFMjxo
المقطع الخامس : علامة الاستفهام 
https://youtu.be/CtfdDwoENw4
المقطع السادس : علامة التعجب 
https://youtu.be/7hPzBTkMBfI
المقطع السابع : علامة النقطتين الرأستين 
https://youtu.be/6hE23gZ0RgQ
المقطع الثامن :  علامة الحذف ( النقاط الثلاث ) 
https://youtu.be/lePcFkK5SI4
المقطع التاسع: القوسان الهلاليان 
https://youtu.be/a4KNhWOzh58
المقطع العاشر: قوسا التنصيص 
https://youtu.be/74p1M6772I8
الموقع الحادي عشر: القوسان المزهران 
https://youtu.be/txwaSUI9VMU
المقطع الثاني عشر: علامات الترقيم ـ القوسان المعقوفان
https://youtu.be/hyMciAY7TmA
المقطع الثالث عشر: الشرطة أو الوصلة أو العارضة
https://youtu.be/XxCX4NFCnPk
المقطع الرابع عشر: الشرطتان أو الوصلتان
https://youtu.be/OmsiyxiUiRs
المقطع الخامس عشر: الشرطة المائلة 
https://youtu.be/JbbAAi8GJBg
يمكنكم متابعة قائمة التشغيل لتعلم النحو والإعراب من البداية من هنا :
https://www.youtube.com/playlist?list...
للتواصل معي عبر حسابات التواصل الاجتماعي من هنا : 
فيس بوك 
https://www.facebook.com/mhmd.m.hsyn.1
تويتر 
https://twitter.com/mama77do
إنستجرام 
https://www.instagram.com/ma77mado/
لمتابعتنا في قناة التليجرام  بها الكثير من الاختبارات الإلكترونية من هنا : 
https://t.me/fonoonarabic
#فنون_العربية_محمد_حسين",https://i.ytimg.com/vi/mnjF79r2QK8/hqdefault.jpg,available
"فنون العربية",https://www.youtube.com/@fonon_arabic,UC1Z2SVr3TMB7sPrJDw1D1_g,38,"الفرق بين أسلوب الأمر وأسلوب النهي",https://www.youtube.com/watch?v=xQ7Y2tswdgE,xQ7Y2tswdgE,2023-08-19T13:02:19Z,05:48,"42,387","الفرق بين أسلوب الأمر وأسلوب النهي
القرآن الكريم في المقطع بصوت الشيخ / كريم منصوري 
بناء الأمر ــ حالات بناء فعل الأمر ــ سلسلة تعلم الإعراب 23
https://youtu.be/wVn3zdD8AfQ
الفرق بين لا الناهية ولا النافية 
https://youtu.be/h3LSl6S05hs?si=SnTEzuGp4hP9Rqva
أسعد بانضمامكم  وشرف لي انتسابكم إلى قناة فنون العربية و تفعيل الانتساب اليوتيوب الجديدة ودعم صناع المحتوى
https://www.youtube.com/channel/UC1Z2...
يمكنكم متابعة قائمة التشغيل لتعلم النحو والإعراب من البداية من هنا :
https://www.youtube.com/playlist?list...
للتواصل معي عبر حسابات التواصل الاجتماعي من هنا : 
فيس بوك 
https://www.facebook.com/mhmd.m.hsyn.1
تويتر 
https://twitter.com/mama77do
إنستجرام 
https://www.instagram.com/ma77mado/
لمتابعتنا في قناة التليجرام  بها الكثير من الاختبارات الإلكترونية من هنا : 
https://t.me/fonoonarabic
#فنون_العربية_محمد_حسين",https://i.ytimg.com/vi/xQ7Y2tswdgE/hqdefault.jpg,available
"فنون العربية",https://www.youtube.com/@fonon_arabic,UC1Z2SVr3TMB7sPrJDw1D1_g,39,"علامات الترقيم ـ الشرطة المائلة  ـ شرح بالتفصيل تعلم الإملاء",https://www.youtube.com/watch?v=JbbAAi8GJBg,JbbAAi8GJBg,2023-08-14T15:07:34Z,03:15,"9,810","علامات الترقيم ـ الشرطة المائلة  ـ شرح بالتفصيل تعلم الإملاء
يمكنكم دعم القناة لاستمرار المحتوى على paypal من خلال الرابط التالي :
https://paypal.me/mamado77777?locale.x=ar_EG
المقطع الأول:  مقدمة علامات الترقيم 
https://youtu.be/S_JbF3UzG90
المقطع الثاني : علامات الترقيم :  الفاصلة 
https://youtu.be/AIL8FMjHr2g
المقطع الثالث : علامات الترقيم:  الفاصلة المنقوطة 
https://youtu.be/aTtOHqmNLmM
المقطع الرابع : النقطة 
https://youtu.be/H3bNxiFMjxo
المقطع الخامس : علامة الاستفهام 
https://youtu.be/CtfdDwoENw4
المقطع السادس : علامة التعجب 
https://youtu.be/7hPzBTkMBfI
المقطع السابع : علامة النقطتين الرأستين 
https://youtu.be/6hE23gZ0RgQ
المقطع الثامن :  علامة الحذف ( النقاط الثلاث ) 
https://youtu.be/lePcFkK5SI4
المقطع التاسع: القوسان الهلاليان 
https://youtu.be/a4KNhWOzh58
المقطع العاشر: قوسا التنصيص 
https://youtu.be/74p1M6772I8
الموقع الحادي عشر: القوسان المزهران 
https://youtu.be/txwaSUI9VMU
المقطع الثاني عشر: علامات الترقيم ـ القوسان المعقوفان
https://youtu.be/hyMciAY7TmA
المقطع الثالث عشر: الشرطة أو الوصلة أو العارضة
https://youtu.be/XxCX4NFCnPk
المقطع الرابع عشر: الشرطتان أو الوصلتان
https://youtu.be/OmsiyxiUiRs
يمكنكم متابعة قائمة التشغيل لتعلم النحو والإعراب من البداية من هنا :
https://www.youtube.com/playlist?list...
للتواصل معي عبر حسابات التواصل الاجتماعي من هنا : 
فيس بوك 
https://www.facebook.com/mhmd.m.hsyn.1
تويتر 
https://twitter.com/mama77do
إنستجرام 
https://www.instagram.com/ma77mado/
لمتابعتنا في قناة التليجرام  بها الكثير من الاختبارات الإلكترونية من هنا : 
https://t.me/fonoonarabic
#فنون_العربية_محمد_حسين",https://i.ytimg.com/vi/JbbAAi8GJBg/hqdefault.jpg,available
"فنون العربية",https://www.youtube.com/@fonon_arabic,UC1Z2SVr3TMB7sPrJDw1D1_g,40,"علامات الترقيم ـ الشرطتان أو الوصلتان  ـ شرح بالتفصيل تعلم الإملاء",https://www.youtube.com/watch?v=OmsiyxiUiRs,OmsiyxiUiRs,2023-08-13T15:57:02Z,02:00,"16,949","علامات الترقيم ـ الشرطتان أو الوصلتان  ـ شرح بالتفصيل تعلم الإملاء
يمكنكم دعم القناة لاستمرار المحتوى على paypal من خلال الرابط التالي :
https://paypal.me/mamado77777?locale.x=ar_EG
المقطع الأول:  مقدمة علامات الترقيم 
https://youtu.be/S_JbF3UzG90
المقطع الثاني : علامات الترقيم :  الفاصلة 
https://youtu.be/AIL8FMjHr2g
المقطع الثالث : علامات الترقيم:  الفاصلة المنقوطة 
https://youtu.be/aTtOHqmNLmM
المقطع الرابع : النقطة 
https://youtu.be/H3bNxiFMjxo
المقطع الخامس : علامة الاستفهام 
https://youtu.be/CtfdDwoENw4
المقطع السادس : علامة التعجب 
https://youtu.be/7hPzBTkMBfI
المقطع السابع : علامة النقطتين الرأستين 
https://youtu.be/6hE23gZ0RgQ
المقطع الثامن :  علامة الحذف ( النقاط الثلاث ) 
https://youtu.be/lePcFkK5SI4
المقطع التاسع: القوسان الهلاليان 
https://youtu.be/a4KNhWOzh58
المقطع العاشر: قوسا التنصيص 
https://youtu.be/74p1M6772I8
الموقع الحادي عشر: القوسان المزهران 
https://youtu.be/txwaSUI9VMU
المقطع الثاني عشر: علامات الترقيم ـ القوسان المعقوفان
https://youtu.be/hyMciAY7TmA
المقطع الثالث عشر: الشرطة أو الوصلة أو العارضة
https://youtu.be/XxCX4NFCnPk
يمكنكم متابعة قائمة التشغيل لتعلم النحو والإعراب من البداية من هنا :
https://www.youtube.com/playlist?list...
للتواصل معي عبر حسابات التواصل الاجتماعي من هنا : 
فيس بوك 
https://www.facebook.com/mhmd.m.hsyn.1
تويتر 
https://twitter.com/mama77do
إنستجرام 
https://www.instagram.com/ma77mado/
لمتابعتنا في قناة التليجرام  بها الكثير من الاختبارات الإلكترونية من هنا : 
https://t.me/fonoonarabic
#فنون_العربية_محمد_حسين",https://i.ytimg.com/vi/OmsiyxiUiRs/hqdefault.jpg,available
"فنون العربية",https://www.youtube.com/@fonon_arabic,UC1Z2SVr3TMB7sPrJDw1D1_g,41,"علامات الترقيم ـ الشرطة أو الوصلة أو العارضة  ـ شرح بالتفصيل تعلم الإملاء",https://www.youtube.com/watch?v=XxCX4NFCnPk,XxCX4NFCnPk,2023-08-12T17:42:30Z,04:03,"18,032","علامات الترقيم ـ الشرطة أو الوصلة أو العارضة  ـ شرح بالتفصيل تعلم الإملاء
يمكنكم دعم القناة لاستمرار المحتوى على paypal من خلال الرابط التالي :
https://paypal.me/mamado77777?locale.x=ar_EG
المقطع الأول:  مقدمة علامات الترقيم 
https://youtu.be/S_JbF3UzG90
المقطع الثاني : علامات الترقيم :  الفاصلة 
https://youtu.be/AIL8FMjHr2g
المقطع الثالث : علامات الترقيم:  الفاصلة المنقوطة 
https://youtu.be/aTtOHqmNLmM
المقطع الرابع : النقطة 
https://youtu.be/H3bNxiFMjxo
المقطع الخامس : علامة الاستفهام 
https://youtu.be/CtfdDwoENw4
المقطع السادس : علامة التعجب 
https://youtu.be/7hPzBTkMBfI
المقطع السابع : علامة النقطتين الرأستين 
https://youtu.be/6hE23gZ0RgQ
المقطع الثامن :  علامة الحذف ( النقاط الثلاث ) 
https://youtu.be/lePcFkK5SI4
المقطع التاسع: القوسان الهلاليان 
https://youtu.be/a4KNhWOzh58
المقطع العاشر: قوسا التنصيص 
https://youtu.be/74p1M6772I8
الموقع الحادي عشر: القوسان المزهران 
https://youtu.be/txwaSUI9VMU
المقطع الثاني عشر: علامات الترقيم ـ القوسان المعقوفان
https://youtu.be/hyMciAY7TmA
يمكنكم متابعة قائمة التشغيل لتعلم النحو والإعراب من البداية من هنا :
https://www.youtube.com/playlist?list...
للتواصل معي عبر حسابات التواصل الاجتماعي من هنا : 
فيس بوك 
https://www.facebook.com/mhmd.m.hsyn.1
تويتر 
https://twitter.com/mama77do
إنستجرام 
https://www.instagram.com/ma77mado/
لمتابعتنا في قناة التليجرام  بها الكثير من الاختبارات الإلكترونية من هنا : 
https://t.me/fonoonarabic
#فنون_العربية_محمد_حسين",https://i.ytimg.com/vi/XxCX4NFCnPk/hqdefault.jpg,available
"فنون العربية",https://www.youtube.com/@fonon_arabic,UC1Z2SVr3TMB7sPrJDw1D1_g,42,"علامات الترقيم ـ القوسان المعقوفان ـ شرح بالتفصيل تعلم الإملاء",https://www.youtube.com/watch?v=hyMciAY7TmA,hyMciAY7TmA,2023-08-09T12:08:31Z,02:05,"9,818","علامات الترقيم ـ القوسان المعقوفان أو المعكوفان أو المستطيلان أو المركَّنان أو الحاصرتان.
يمكنكم دعم القناة لاستمرار المحتوى على paypal من خلال الرابط التالي :
https://paypal.me/mamado77777?locale.x=ar_EG
المقطع الأول:  مقدمة علامات الترقيم 
https://youtu.be/S_JbF3UzG90
المقطع الثاني : علامات الترقيم :  الفاصلة 
https://youtu.be/AIL8FMjHr2g
المقطع الثالث : علامات الترقيم:  الفاصلة المنقوطة 
https://youtu.be/aTtOHqmNLmM
المقطع الرابع : النقطة 
https://youtu.be/H3bNxiFMjxo
المقطع الخامس : علامة الاستفهام 
https://youtu.be/CtfdDwoENw4
المقطع السادس : علامة التعجب 
https://youtu.be/7hPzBTkMBfI
المقطع السابع : علامة النقطتين الرأستين 
https://youtu.be/6hE23gZ0RgQ
المقطع الثامن :  علامة الحذف ( النقاط الثلاث ) 
https://youtu.be/lePcFkK5SI4
المقطع التاسع: القوسان الهلاليان 
https://youtu.be/a4KNhWOzh58
المقطع العاشر: قوسا التنصيص 
https://youtu.be/74p1M6772I8
الموقع الحادي عشر: القوسان المزهران 
https://youtu.be/txwaSUI9VMU
يمكنكم متابعة قائمة التشغيل لتعلم النحو والإعراب من البداية من هنا :
https://www.youtube.com/playlist?list...
للتواصل معي عبر حسابات التواصل الاجتماعي من هنا : 
فيس بوك 
https://www.facebook.com/mhmd.m.hsyn.1
تويتر 
https://twitter.com/mama77do
إنستجرام 
https://www.instagram.com/ma77mado/
لمتابعتنا في قناة التليجرام  بها الكثير من الاختبارات الإلكترونية من هنا : 
https://t.me/fonoonarabic
#فنون_العربية_محمد_حسين",https://i.ytimg.com/vi/hyMciAY7TmA/hqdefault.jpg,available
"فنون العربية",https://www.youtube.com/@fonon_arabic,UC1Z2SVr3TMB7sPrJDw1D1_g,43,"علامات الترقيم ـ القوسان المزهران ـ شرح بالتفصيل تعلم الإملاء",https://www.youtube.com/watch?v=txwaSUI9VMU,txwaSUI9VMU,2023-08-08T15:49:01Z,02:16,"9,128","علامات الترقيم ـ القوسان المزهران ـ شرح بالتفصيل تعلم الإملاء
صوت القارئ بالمقطع الشيخ : كريم منصوري 
يمكنكم دعم القناة لاستمرار المحتوى على paypal من خلال الرابط التالي :
https://paypal.me/mamado77777?locale.x=ar_EG
المقطع الأول:  مقدمة علامات الترقيم 
https://youtu.be/S_JbF3UzG90
المقطع الثاني : علامات الترقيم :  الفاصلة 
https://youtu.be/AIL8FMjHr2g
المقطع الثالث : علامات الترقيم:  الفاصلة المنقوطة 
https://youtu.be/aTtOHqmNLmM
المقطع الرابع : النقطة 
https://youtu.be/H3bNxiFMjxo
المقطع الخامس : علامة الاستفهام 
https://youtu.be/CtfdDwoENw4
المقطع السادس : علامة التعجب 
https://youtu.be/7hPzBTkMBfI
المقطع السابع : علامة النقطتين الرأستين 
https://youtu.be/6hE23gZ0RgQ
المقطع الثامن :  علامة الحذف ( النقاط الثلاث ) 
https://youtu.be/lePcFkK5SI4
المقطع التاسع: القوسان الهلاليان 
https://youtu.be/a4KNhWOzh58
المقطع العاشر: قوسا التنصيص 
https://youtu.be/74p1M6772I8
يمكنكم متابعة قائمة التشغيل لتعلم النحو والإعراب من البداية من هنا :
https://www.youtube.com/playlist?list...
للتواصل معي عبر حسابات التواصل الاجتماعي من هنا : 
فيس بوك 
https://www.facebook.com/mhmd.m.hsyn.1
تويتر 
https://twitter.com/mama77do
إنستجرام 
https://www.instagram.com/ma77mado/
لمتابعتنا في قناة التليجرام  بها الكثير من الاختبارات الإلكترونية من هنا : 
https://t.me/fonoonarabic
#فنون_العربية_محمد_حسين",https://i.ytimg.com/vi/txwaSUI9VMU/hqdefault.jpg,available
"فنون العربية",https://www.youtube.com/@fonon_arabic,UC1Z2SVr3TMB7sPrJDw1D1_g,44,"ماذا جنيتُ لكي تملَ وصالي؟",https://www.youtube.com/watch?v=O-wWleHEZuk,O-wWleHEZuk,2023-08-06T22:01:42Z,03:21,"3,840","قصيدة : ماذا جنيتُ لكي تملَ وصالي؟
كلمات الشاعر : عبدالله خليل فقيري 

مَاذَا جَنَيْتُ لِكَيْ تَمِلَّ وِصَالِي؟!
 إِنِّي سَأَلْتُكَ هَلْ تُجِيبُ سُؤالِي؟!
حاوَلْتُ أَنْ أَلْقَى لِهَجَرِكَ حُجَّةً
 فَوَقَعَتُ بَيْنَ حَقِيقَةٍ، وَخَيَالِ
 كُنْتُ القَرِيبَ وَكُنْتَ أَنْتَ مُقَرِّبِي
 يَوْمَ الوِفَاقِ وَبَهْجَةِ الإِقْبَالِ
 فَغَدَوْتَ أَشْبَهَ بِالخَصِيمِ لِخَصْمِهِ 
 عَجَباً إِذًا لِتُقَلُّبِ الأَحْوالِ
 يا صَاحِبًا سَكَنَ المَلالُ فُؤَادَهُ 
أَسْمِعْتَ مِنِّي سَيِّئَ الأَقْوَالِ؟
لِتَمِيلَ عَنِّي ثُمَّ تَكْرَهَ رُؤْيَتِي 
وَيَكُونَ حُلْمُكَ أَنْ تَرَى إِذْلالِي
أَنَا مَا طَلَبْتُكَ أَنْ تَعُودَ لِصُحْبَتَي
بَعْدَ القَطِيعَةِ، أَوْ تَرِقَّ لِحالِي
فَأَنا بِغَيْرِكَ كامِلٌ مُتَكَمِّلٌ
وَكَذاكَ أَنْتَ عَلَى أَتَمِّ كَمالِ
لا أَنْتِ لِي نَقْصٌ وَلا أَنَا سَالِبٌ مِنْكَ الكَمَالَ 
فَعِشْ عَزِيزًا غَالِي
وَاقْطَعْ وِصَالَكَ مَا اسْتَطَعْتَ،
 وَعِشْ عَلَى هِجْرِي
 فَإِنِّي لا أَرَاكَ تُبالِي!
هِيَ قِصَّةٌ بُدِأَتْ بِحُبٍّ صَادِقٍ 
وَتَنَوَّعَتْ يَوْمًا بِكُلِّ جَمَالِ
فَقَضَتْ ظُرُوفُ الدَّهْرِ أَنْ تَمْضِيَ بِها 
وَبِنا لأَسوَأِ مُنْتَهًى وَمَآَلِي
أَنا لَنْ أُجَادِلَكَ الوَفَاءَ فَمَا مَضَى
فَمَا مَضَى قَدْ يُسْتَحَالُ رُجُوعُهُ، بِجِدَالِ!
لَوْ أَنَّ فِيكَ مِنْ الوَفَاءِ بَقِيَّةً
لَذَكَرْتَ أَيّامًا مَضَتْ وَلَيالِي
وَوَهَبْتَنِي أَسَمَّى خِصَالِكَ مِثْلَمَا
أَنَا قَدْ وَهَبْتُكَ مِنْ جَمِيلِ خِصَالِي
كَمْ قُلْتُ إِنَّكَ خَيْرُ مَنْ عَاشَرْتُهُمْ
فَأَتَيْتَ أَنْتَ مُخَيِّبًا آَمالِي",https://i.ytimg.com/vi/O-wWleHEZuk/hqdefault.jpg,available
"فنون العربية",https://www.youtube.com/@fonon_arabic,UC1Z2SVr3TMB7sPrJDw1D1_g,45,"علامات الترقيم ـ قوسا التنصيص ـ شرح بالتفصيل تعلم الإملاء",https://www.youtube.com/watch?v=74p1M6772I8,74p1M6772I8,2023-08-05T13:44:46Z,02:58,"28,725","علامات الترقيم ـ قوسا التنصيص ـ أو قوسا الاقتباس أو القوسان المزدوجان 
يمكنكم دعم القناة لاستمرار المحتوى على paypal من خلال الرابط التالي :
https://paypal.me/mamado77777?locale.x=ar_EG
درس أسلوب الاستفهام بالتفصيل ومعرفة أسماء وأحرف الاستفهام :
https://youtu.be/fY-y8LqX6Bk
المقطع الأول:  مقدمة علامات الترقيم 
https://youtu.be/S_JbF3UzG90
المقطع الثاني : علامات الترقيم :  الفاصلة 
https://youtu.be/AIL8FMjHr2g
المقطع الثالث : علامات الترقيم:  الفاصلة المنقوطة 
https://youtu.be/aTtOHqmNLmM
المقطع الرابع : النقطة 
https://youtu.be/H3bNxiFMjxo
المقطع الخامس : علامة الاستفهام 
https://youtu.be/CtfdDwoENw4
المقطع السادس : علامة التعجب 
https://youtu.be/7hPzBTkMBfI
المقطع السابع : علامة النقطتين الرأستين 
https://youtu.be/6hE23gZ0RgQ
المقطع الثامن :  علامة الحذف ( النقاط الثلاث ) 
https://youtu.be/lePcFkK5SI4
المقطع التاسع: القوسان الهلاليان 
https://youtu.be/a4KNhWOzh58
يمكنكم متابعة قائمة التشغيل لتعلم النحو والإعراب من البداية من هنا :
https://www.youtube.com/playlist?list...
للتواصل معي عبر حسابات التواصل الاجتماعي من هنا : 
فيس بوك 
https://www.facebook.com/mhmd.m.hsyn.1
تويتر 
https://twitter.com/mama77do
إنستجرام 
https://www.instagram.com/ma77mado/
لمتابعتنا في قناة التليجرام  بها الكثير من الاختبارات الإلكترونية من هنا : 
https://t.me/fonoonarabic
#فنون_العربية_محمد_حسين",https://i.ytimg.com/vi/74p1M6772I8/hqdefault.jpg,available
"فنون العربية",https://www.youtube.com/@fonon_arabic,UC1Z2SVr3TMB7sPrJDw1D1_g,46,"علامات الترقيم ـ القوسان الهلاليان ـ شرح بالتفصيل تعلم الإملاء",https://www.youtube.com/watch?v=a4KNhWOzh58,a4KNhWOzh58,2023-07-31T18:42:09Z,04:30,"26,306","علامات الترقيم ـ القوسان الهلاليان ـ علامة الحصر - علامة الاعتراض

يمكنكم دعم القناة لاستمرار المحتوى على paypal من خلال الرابط التالي :
https://paypal.me/mamado77777?locale.x=ar_EG
درس أسلوب الاستفهام بالتفصيل ومعرفة أسماء وأحرف الاستفهام :
https://youtu.be/fY-y8LqX6Bk
المقطع الأول:  مقدمة علامات الترقيم 
https://youtu.be/S_JbF3UzG90
المقطع الثاني : علامات الترقيم :  الفاصلة 
https://youtu.be/AIL8FMjHr2g
المقطع الثالث : علامات الترقيم:  الفاصلة المنقوطة 
https://youtu.be/aTtOHqmNLmM
المقطع الرابع : النقطة 
https://youtu.be/H3bNxiFMjxo
المقطع الخامس : علامة الاستفهام 
https://youtu.be/CtfdDwoENw4
المقطع السادس : علامة التعجب 
https://youtu.be/7hPzBTkMBfI
المقطع السابع : علامة النقطتين الرأستين 
https://youtu.be/6hE23gZ0RgQ
المقطع الثامن :  علامة الحذف ( النقاط الثلاث ) 
https://youtu.be/lePcFkK5SI4
يمكنكم متابعة قائمة التشغيل لتعلم النحو والإعراب من البداية من هنا :
https://www.youtube.com/playlist?list...
للتواصل معي عبر حسابات التواصل الاجتماعي من هنا : 
فيس بوك 
https://www.facebook.com/mhmd.m.hsyn.1
تويتر 
https://twitter.com/mama77do
إنستجرام 
https://www.instagram.com/ma77mado/
لمتابعتنا في قناة التليجرام  بها الكثير من الاختبارات الإلكترونية من هنا : 
https://t.me/fonoonarabic
#فنون_العربية_محمد_حسين",https://i.ytimg.com/vi/a4KNhWOzh58/hqdefault.jpg,available
"فنون العربية",https://www.youtube.com/@fonon_arabic,UC1Z2SVr3TMB7sPrJDw1D1_g,47,"نرجو أم نرجوا  ما الصورة الصحيحة؟",https://www.youtube.com/watch?v=1aRQSAu3_yk,1aRQSAu3_yk,2023-07-28T19:15:33Z,07:11,"120,566","نرجو أم نرجوا  ما الصورة الصحيحة؟
الفرق بين الكتابة القرآنية والكتابة العادية ـ تعلم الإملاء
https://youtu.be/9JkfdFAz9kU
يمكنكم دعم القناة لاستمرار المحتوى على paypal من خلال الرابط التالي :
https://paypal.me/mamado77777?locale.x=ar_EG
يمكنكم متابعة قائمة التشغيل لتعلم النحو والإعراب من البداية من هنا :
https://www.youtube.com/playlist?list...
للتواصل معي عبر حسابات التواصل الاجتماعي من هنا : 
فيس بوك 
https://www.facebook.com/mhmd.m.hsyn.1
تويتر 
https://twitter.com/mama77do
إنستجرام 
https://www.instagram.com/ma77mado/
لمتابعتنا في قناة التليجرام  بها الكثير من الاختبارات الإلكترونية من هنا : 
https://t.me/fonoonarabic
#فنون_العربية_محمد_حسين",https://i.ytimg.com/vi/1aRQSAu3_yk/hqdefault.jpg,available
"فنون العربية",https://www.youtube.com/@fonon_arabic,UC1Z2SVr3TMB7sPrJDw1D1_g,48,"علامات الترقيم ـ علامة الحذف ـ شرح بالتفصيل تعلم الإملاء",https://www.youtube.com/watch?v=lePcFkK5SI4,lePcFkK5SI4,2023-07-27T12:52:02Z,03:44,"20,781","علامات الترقيم ـ علامة الحذف ( النقاط الثلاث ) ـ شرح بالتفصيل تعلم الإملاء
يمكنكم دعم القناة لاستمرار المحتوى على paypal من خلال الرابط التالي :
https://paypal.me/mamado77777?locale.x=ar_EG
درس أسلوب الاستفهام بالتفصيل ومعرفة أسماء وأحرف الاستفهام :
https://youtu.be/fY-y8LqX6Bk
المقطع الأول:  مقدمة علامات الترقيم 
https://youtu.be/S_JbF3UzG90
المقطع الثاني : علامات الترقيم :  الفاصلة 
https://youtu.be/AIL8FMjHr2g
المقطع الثالث : علامات الترقيم:  الفاصلة المنقوطة 
https://youtu.be/aTtOHqmNLmM
المقطع الرابع : النقطة 
https://youtu.be/H3bNxiFMjxo
المقطع الخامس : علامة الاستفهام 
https://youtu.be/CtfdDwoENw4
المقطع السادس : علامة التعجب 
https://youtu.be/7hPzBTkMBfI
المقطع السابع : علامة النقطتين الرأستين 
https://youtu.be/6hE23gZ0RgQ
يمكنكم متابعة قائمة التشغيل لتعلم النحو والإعراب من البداية من هنا :
https://www.youtube.com/playlist?list...
للتواصل معي عبر حسابات التواصل الاجتماعي من هنا : 
فيس بوك 
https://www.facebook.com/mhmd.m.hsyn.1
تويتر 
https://twitter.com/mama77do
إنستجرام 
https://www.instagram.com/ma77mado/
لمتابعتنا في قناة التليجرام  بها الكثير من الاختبارات الإلكترونية من هنا : 
https://t.me/fonoonarabic
#فنون_العربية_محمد_حسين",https://i.ytimg.com/vi/lePcFkK5SI4/hqdefault.jpg,available
"فنون العربية",https://www.youtube.com/@fonon_arabic,UC1Z2SVr3TMB7sPrJDw1D1_g,49,"علامات الترقيم ـ علامة النقطتين الرأسيتين  ـ شرح بالتفصيل تعلم الإملاء",https://www.youtube.com/watch?v=6hE23gZ0RgQ,6hE23gZ0RgQ,2023-07-25T13:09:52Z,04:56,"25,592","علامات الترقيم ـ النقطتان الرأسيتان  ـ شرح بالتفصيل تعلم الإملاء
يمكنكم دعم القناة لاستمرار المحتوى على paypal من خلال الرابط التالي :
https://paypal.me/mamado77777?locale.x=ar_EG
درس أسلوب الاستفهام بالتفصيل ومعرفة أسماء وأحرف الاستفهام :
https://youtu.be/fY-y8LqX6Bk
المقطع الأول:  مقدمة علامات الترقيم 
https://youtu.be/S_JbF3UzG90
المقطع الثاني : علامات الترقيم :  الفاصلة 
https://youtu.be/AIL8FMjHr2g
المقطع الثالث : علامات الترقيم:  الفاصلة المنقوطة 
https://youtu.be/aTtOHqmNLmM
المقطع الرابع : النقطة 
https://youtu.be/H3bNxiFMjxo
المقطع الخامس : علامة الاستفهام 
https://youtu.be/CtfdDwoENw4
المقطع السادس : علامة التعجب 
https://youtu.be/7hPzBTkMBfI
يمكنكم متابعة قائمة التشغيل لتعلم النحو والإعراب من البداية من هنا :
https://www.youtube.com/playlist?list...
للتواصل معي عبر حسابات التواصل الاجتماعي من هنا : 
فيس بوك 
https://www.facebook.com/mhmd.m.hsyn.1
تويتر 
https://twitter.com/mama77do
إنستجرام 
https://www.instagram.com/ma77mado/
لمتابعتنا في قناة التليجرام  بها الكثير من الاختبارات الإلكترونية من هنا : 
https://t.me/fonoonarabic
#فنون_العربية_محمد_حسين",https://i.ytimg.com/vi/6hE23gZ0RgQ/hqdefault.jpg,available
"فنون العربية",https://www.youtube.com/@fonon_arabic,UC1Z2SVr3TMB7sPrJDw1D1_g,50,"علامات الترقيم ـ علامة التعجب أو التأثر ـ شرح بالتفصيل تعلم الإملاء",https://www.youtube.com/watch?v=7hPzBTkMBfI,7hPzBTkMBfI,2023-07-22T13:06:31Z,05:07,"35,358","علامات الترقيم ـ علامة التعجب أو التأثر ـ شرح بالتفصيل تعلم الإملاء
يمكنكم دعم القناة لاستمرار المحتوى على paypal من خلال الرابط التالي :
https://paypal.me/mamado77777?locale.x=ar_EG
درس أسلوب الاستفهام بالتفصيل ومعرفة أسماء وأحرف الاستفهام :
https://youtu.be/fY-y8LqX6Bk
المقطع الأول:  مقدمة علامات الترقيم 
https://youtu.be/S_JbF3UzG90
المقطع الثاني : علامات الترقيم :  الفاصلة 
https://youtu.be/AIL8FMjHr2g
المقطع الثالث : علامات الترقيم:  الفاصلة المنقوطة 
https://youtu.be/aTtOHqmNLmM
المقطع الرابع : النقطة 
https://youtu.be/H3bNxiFMjxo
المقطع الخامس : علامة الاستفهام 
https://youtu.be/CtfdDwoENw4
يمكنكم متابعة قائمة التشغيل لتعلم النحو والإعراب من البداية من هنا :
https://www.youtube.com/playlist?list...
للتواصل معي عبر حسابات التواصل الاجتماعي من هنا : 
فيس بوك 
https://www.facebook.com/mhmd.m.hsyn.1
تويتر 
https://twitter.com/mama77do
إنستجرام 
https://www.instagram.com/ma77mado/
لمتابعتنا في قناة التليجرام  بها الكثير من الاختبارات الإلكترونية من هنا : 
https://t.me/fonoonarabic
#فنون_العربية_محمد_حسين",https://i.ytimg.com/vi/7hPzBTkMBfI/hqdefault.jpg,available
"فنون العربية",https://www.youtube.com/@fonon_arabic,UC1Z2SVr3TMB7sPrJDw1D1_g,51,"علامات الترقيم ـ علامة الاستفهام ـ شرح بالتفصيل تعلم الإملاء",https://www.youtube.com/watch?v=CtfdDwoENw4,CtfdDwoENw4,2023-07-20T16:42:39Z,05:13,"27,386","علامات الترقيم ـ النقطة ـ شرح بالتفصيل تعلم الإملاء
يمكنكم دعم القناة لاستمرار المحتوى على paypal من خلال الرابط التالي :
https://paypal.me/mamado77777?locale.x=ar_EG
درس أسلوب الاستفهام بالتفصيل ومعرفة أسماء وأحرف الاستفهام :
https://youtu.be/fY-y8LqX6Bk
المقطع الأول:  مقدمة علامات الترقيم 
https://youtu.be/S_JbF3UzG90
المقطع الثاني : علامات الترقيم :  الفاصلة 
https://youtu.be/AIL8FMjHr2g
المقطع الثالث : علامات الترقيم:  الفاصلة المنقوطة 
https://youtu.be/aTtOHqmNLmM
المقطع الرابع : النقطة 
https://youtu.be/H3bNxiFMjxo
يمكنكم متابعة قائمة التشغيل لتعلم النحو والإعراب من البداية من هنا :
https://www.youtube.com/playlist?list...
للتواصل معي عبر حسابات التواصل الاجتماعي من هنا : 
فيس بوك 
https://www.facebook.com/mhmd.m.hsyn.1
تويتر 
https://twitter.com/mama77do
إنستجرام 
https://www.instagram.com/ma77mado/
لمتابعتنا في قناة التليجرام  بها الكثير من الاختبارات الإلكترونية من هنا : 
https://t.me/fonoonarabic
#فنون_العربية_محمد_حسين",https://i.ytimg.com/vi/CtfdDwoENw4/hqdefault.jpg,available
"فنون العربية",https://www.youtube.com/@fonon_arabic,UC1Z2SVr3TMB7sPrJDw1D1_g,52,"علامات الترقيم ـ النقطة ـ شرح بالتفصيل تعلم الإملاء",https://www.youtube.com/watch?v=H3bNxiFMjxo,H3bNxiFMjxo,2023-07-16T16:15:47Z,06:40,"25,924","علامات الترقيم ـ النقطة ـ شرح بالتفصيل تعلم الإملاء
يمكنكم دعم القناة لاستمرار المحتوى على paypal من خلال الرابط التالي :
https://paypal.me/mamado77777?locale.x=ar_EG
المقطع الأول:  مقدمة علامات الترقيم 
https://youtu.be/S_JbF3UzG90
المقطع الثاني : علامات الترقيم :  الفاصلة 
https://youtu.be/AIL8FMjHr2g
المقطع الثالث : علامات الترقيم:  الفاصلة المنقوطة 
https://youtu.be/aTtOHqmNLmM
يمكنكم متابعة قائمة التشغيل لتعلم النحو والإعراب من البداية من هنا :
https://www.youtube.com/playlist?list...
للتواصل معي عبر حسابات التواصل الاجتماعي من هنا : 
فيس بوك 
https://www.facebook.com/mhmd.m.hsyn.1
تويتر 
https://twitter.com/mama77do
إنستجرام 
https://www.instagram.com/ma77mado/
لمتابعتنا في قناة التليجرام  بها الكثير من الاختبارات الإلكترونية من هنا : 
https://t.me/fonoonarabic
#فنون_العربية_محمد_حسين",https://i.ytimg.com/vi/H3bNxiFMjxo/hqdefault.jpg,available
"فنون العربية",https://www.youtube.com/@fonon_arabic,UC1Z2SVr3TMB7sPrJDw1D1_g,53,"علامات الترقيم ـ الفاصلة المنقوطة ـ  شرح بالتفصيل تعلم الإملاء",https://www.youtube.com/watch?v=aTtOHqmNLmM,aTtOHqmNLmM,2023-07-15T13:00:00Z,08:01,"53,088","علامات الترقيم ـ الفاصلة المنقوطة ـ  شرح بالتفصيل تعلم الإملاء
يمكنكم دعم القناة لاستمرار المحتوى على paypal من خلال الرابط التالي :
https://paypal.me/mamado77777?locale.x=ar_EG
المقطع الأول مقدمة علامات الترقيم 
https://youtu.be/S_JbF3UzG90
المقطع الثاني : علامات الترقيم   الفاصلة شرح بالتفصيل   تعلم الإملاء
https://youtu.be/AIL8FMjHr2g
يمكنكم متابعة قائمة التشغيل لتعلم النحو والإعراب من البداية من هنا :
https://www.youtube.com/playlist?list...
للتواصل معي عبر حسابات التواصل الاجتماعي من هنا : 
فيس بوك 
https://www.facebook.com/mhmd.m.hsyn.1
تويتر 
https://twitter.com/mama77do
إنستجرام 
https://www.instagram.com/ma77mado/
لمتابعتنا في قناة التليجرام  بها الكثير من الاختبارات الإلكترونية من هنا : 
https://t.me/fonoonarabic
#فنون_العربية_محمد_حسين",https://i.ytimg.com/vi/aTtOHqmNLmM/hqdefault.jpg,available
"فنون العربية",https://www.youtube.com/@fonon_arabic,UC1Z2SVr3TMB7sPrJDw1D1_g,54,"علامات الترقيم   الفاصلة شرح بالتفصيل   تعلم الإملاء",https://www.youtube.com/watch?v=AIL8FMjHr2g,AIL8FMjHr2g,2023-07-13T11:00:09Z,07:39,"85,788","علامات الترقيم   الفاصلة شرح بالتفصيل   تعلم الإملاء
صوت القارئ بالمقطع الشيخ علي جابر (رحمه الله)
المقطع الأول مقدمة علامات الترقيم 
https://youtu.be/S_JbF3UzG90
يمكنكم دعم القناة لاستمرار المحتوى على paypal من خلال الرابط التالي :
https://paypal.me/mamado77777?locale.x=ar_EG
يمكنكم متابعة قائمة التشغيل لتعلم النحو والإعراب من البداية من هنا :
https://www.youtube.com/playlist?list...
للتواصل معي عبر حسابات التواصل الاجتماعي من هنا : 
فيس بوك 
https://www.facebook.com/mhmd.m.hsyn.1
تويتر 
https://twitter.com/mama77do
إنستجرام 
https://www.instagram.com/ma77mado/
لمتابعتنا في قناة التليجرام  بها الكثير من الاختبارات الإلكترونية من هنا : 
https://t.me/fonoonarabic
#فنون_العربية_محمد_حسين",https://i.ytimg.com/vi/AIL8FMjHr2g/hqdefault.jpg,available
"فنون العربية",https://www.youtube.com/@fonon_arabic,UC1Z2SVr3TMB7sPrJDw1D1_g,55,"علامات الترقيم ـ مقدمة مع تعريف لعلامات الترقيم",https://www.youtube.com/watch?v=S_JbF3UzG90,S_JbF3UzG90,2023-07-10T18:35:46Z,07:33,"75,454","علامات الترقيم ـ مقدمة مع تعريف لعلامات الترقيم
يمكنكم دعم القناة لاستمرار المحتوى على paypal من خلال الرابط التالي :
https://paypal.me/mamado77777?locale.x=ar_EG
يمكنكم متابعة قائمة التشغيل لتعلم النحو والإعراب من البداية من هنا :
https://www.youtube.com/playlist?list...
للتواصل معي عبر حسابات التواصل الاجتماعي من هنا : 
فيس بوك 
https://www.facebook.com/mhmd.m.hsyn.1
تويتر 
https://twitter.com/mama77do
إنستجرام 
https://www.instagram.com/ma77mado/
لمتابعتنا في قناة التليجرام  بها الكثير من الاختبارات الإلكترونية من هنا : 
https://t.me/fonoonarabic
#فنون_العربية_محمد_حسين",https://i.ytimg.com/vi/S_JbF3UzG90/hqdefault.jpg,available
"فنون العربية",https://www.youtube.com/@fonon_arabic,UC1Z2SVr3TMB7sPrJDw1D1_g,56,"إعراب جملة أكلت السمكة حتى رأسها",https://www.youtube.com/watch?v=JWpC8phSflk,JWpC8phSflk,2023-07-07T16:48:09Z,06:59,"965,857","الأوجه الإعربية لجملة  ( أكلت السمكة حتى رأسها ) 
قال سيبويه أو الفراء أو المبرد : أموت وفي نفسي شيء من حتى .  
يمكنكم متابعة قائمة التشغيل لتعلم النحو والإعراب من البداية من هنا :
https://www.youtube.com/playlist?list...
للتواصل معي عبر حسابات التواصل الاجتماعي من هنا : 
فيس بوك 
https://www.facebook.com/mhmd.m.hsyn.1
تويتر 
https://twitter.com/mama77do
إنستجرام 
https://www.instagram.com/ma77mado/
لمتابعتنا في قناة التليجرام  بها الكثير من الاختبارات الإلكترونية من هنا : 
https://t.me/fonoonarabic
#فنون_العربية_محمد_حسين",https://i.ytimg.com/vi/JWpC8phSflk/hqdefault.jpg,available
"فنون العربية",https://www.youtube.com/@fonon_arabic,UC1Z2SVr3TMB7sPrJDw1D1_g,57,"الفرق بين الكتابة القرآنية والكتابة العادية ـ تعلم الإملاء",https://www.youtube.com/watch?v=9JkfdFAz9kU,9JkfdFAz9kU,2023-07-04T12:42:03Z,08:20,"24,817","الفرق بين الكتابة القرآنية والكتابة العادية ـ تعلم الإملاء
الفرق بين الرسم القرآني والكتابة العادية 
الفرق بين الرسم العثماني للمصحف والكتابة العادية 

قاعدة إملائية باسم الله أم بسم الله ؟
https://youtu.be/ajH7CJYlFrY
أسعد بانضمامكم  وشرف لي انتسابكم إلى قناة فنون العربية و تفعيل الانتساب اليوتيوب الجديدة ودعم صناع المحتوى
https://www.youtube.com/channel/UC1Z2...
يمكنكم متابعة قائمة التشغيل لتعلم النحو والإعراب من البداية من هنا :
https://www.youtube.com/playlist?list...
للتواصل معي عبر حسابات التواصل الاجتماعي من هنا : 
فيس بوك 
https://www.facebook.com/mhmd.m.hsyn.1
تويتر 
https://twitter.com/mama77do
إنستجرام 
https://www.instagram.com/ma77mado/
لمتابعتنا في قناة التليجرام  بها الكثير من الاختبارات الإلكترونية من هنا : 
https://t.me/fonoonarabic
#فنون_العربية_محمد_حسين",https://i.ytimg.com/vi/9JkfdFAz9kU/hqdefault.jpg,available
"فنون العربية",https://www.youtube.com/@fonon_arabic,UC1Z2SVr3TMB7sPrJDw1D1_g,58,"أسلوب الأمر - سلسلة تعلم الإعراب 71",https://www.youtube.com/watch?v=t_Dh0tavH_Q,t_Dh0tavH_Q,2023-07-03T10:19:02Z,10:59,"26,456","بناء الأمر ــ حالات بناء فعل الأمر ــ سلسلة تعلم الإعراب 23
https://youtu.be/wVn3zdD8AfQ
أسعد بانضمامكم  وشرف لي انتسابكم إلى قناة فنون العربية و تفعيل الانتساب اليوتيوب الجديدة ودعم صناع المحتوى
https://www.youtube.com/channel/UC1Z2...
يمكنكم متابعة قائمة التشغيل لتعلم النحو والإعراب من البداية من هنا :
https://www.youtube.com/playlist?list...
للتواصل معي عبر حسابات التواصل الاجتماعي من هنا : 
فيس بوك 
https://www.facebook.com/mhmd.m.hsyn.1
تويتر 
https://twitter.com/mama77do
إنستجرام 
https://www.instagram.com/ma77mado/
لمتابعتنا في قناة التليجرام  بها الكثير من الاختبارات الإلكترونية من هنا : 
https://t.me/fonoonarabic
#فنون_العربية_محمد_حسين",https://i.ytimg.com/vi/t_Dh0tavH_Q/hqdefault.jpg,available
"فنون العربية",https://www.youtube.com/@fonon_arabic,UC1Z2SVr3TMB7sPrJDw1D1_g,59,"حذف الألف من وسط كلمة ـ كلمات حذفت الألف من وسطها",https://www.youtube.com/watch?v=_MpbxpZz7ZM,_MpbxpZz7ZM,2023-06-27T17:24:54Z,06:56,"41,528","حذفت الألف من وسط كلمة 
كلمات حذفت الألف من وسطها
أسعد بانضمامكم  وشرف لي انتسابكم إلى قناة فنون العربية و تفعيل الانتساب اليوتيوب الجديدة ودعم صناع المحتوى
https://www.youtube.com/channel/UC1Z2...
يمكنكم متابعة قائمة التشغيل لتعلم النحو والإعراب من البداية من هنا :
https://www.youtube.com/playlist?list...
للتواصل معي عبر حسابات التواصل الاجتماعي من هنا : 
فيس بوك 
https://www.facebook.com/mhmd.m.hsyn.1
تويتر 
https://twitter.com/mama77do
إنستجرام 
https://www.instagram.com/ma77mado/
لمتابعتنا في قناة التليجرام  بها الكثير من الاختبارات الإلكترونية من هنا : 
https://t.me/fonoonarabic
#فنون_العربية_محمد_حسين",https://i.ytimg.com/vi/_MpbxpZz7ZM/hqdefault.jpg,available
"فنون العربية",https://www.youtube.com/@fonon_arabic,UC1Z2SVr3TMB7sPrJDw1D1_g,60,"قاعدة إملائية باسم الله أم بسم الله ؟",https://www.youtube.com/watch?v=ajH7CJYlFrY,ajH7CJYlFrY,2023-06-26T18:17:34Z,03:19,"18,332","قاعدة إملائية باسم الله أم بسم الله ؟
أسعد بانضمامكم  وشرف لي انتسابكم إلى قناة فنون العربية و تفعيل الانتساب اليوتيوب الجديدة ودعم صناع المحتوى
https://www.youtube.com/channel/UC1Z2...
يمكنكم متابعة قائمة التشغيل لتعلم النحو والإعراب من البداية من هنا :
https://www.youtube.com/playlist?list...
للتواصل معي عبر حسابات التواصل الاجتماعي من هنا : 
فيس بوك 
https://www.facebook.com/mhmd.m.hsyn.1
تويتر 
https://twitter.com/mama77do
إنستجرام 
https://www.instagram.com/ma77mado/
لمتابعتنا في قناة التليجرام  بها الكثير من الاختبارات الإلكترونية من هنا : 
https://t.me/fonoonarabic
#فنون_العربية_محمد_حسين",https://i.ytimg.com/vi/ajH7CJYlFrY/hqdefault.jpg,available
"فنون العربية",https://www.youtube.com/@fonon_arabic,UC1Z2SVr3TMB7sPrJDw1D1_g,61,"تعلم إعراب جميع الحروف ـ سلسلة تعلم الإعراب 70",https://www.youtube.com/watch?v=oy6Zg5ygThA,oy6Zg5ygThA,2023-06-25T19:34:46Z,07:18,"75,418","اختبر نفسك في إعراب الحروف من هنا :
https://forms.gle/Bt2Jv6HBVzK5fEtDA
الحروف و علاماتها و أنواعها ـ سلسلة تعلم الإعراب 3.mp4
https://youtu.be/5zVklJM2O7c
أسعد بانضمامكم  وشرف لي انتسابكم إلى قناة فنون العربية و تفعيل الانتساب اليوتيوب الجديدة ودعم صناع المحتوى
https://www.youtube.com/channel/UC1Z2...
يمكنكم متابعة قائمة التشغيل لتعلم النحو والإعراب من البداية من هنا :
https://www.youtube.com/playlist?list...
للتواصل معي عبر حسابات التواصل الاجتماعي من هنا : 
فيس بوك 
https://www.facebook.com/mhmd.m.hsyn.1
تويتر 
https://twitter.com/mama77do
إنستجرام 
https://www.instagram.com/ma77mado/
لمتابعتنا في قناة التليجرام  بها الكثير من الاختبارات الإلكترونية من هنا : 
https://t.me/fonoonarabic
#فنون_العربية_محمد_حسين",https://i.ytimg.com/vi/oy6Zg5ygThA/hqdefault.jpg,available
"فنون العربية",https://www.youtube.com/@fonon_arabic,UC1Z2SVr3TMB7sPrJDw1D1_g,62,"إعراب لبيك اللهم لبيك بالتفصيل",https://www.youtube.com/watch?v=I0SJm-op20s,I0SJm-op20s,2023-06-24T12:21:53Z,03:22,"78,181","إعراب لبيك اللهم لبيك بالتفصيل
صوت القارئ  الشيخ : ياسر الدوسري",https://i.ytimg.com/vi/I0SJm-op20s/hqdefault.jpg,available
"فنون العربية",https://www.youtube.com/@fonon_arabic,UC1Z2SVr3TMB7sPrJDw1D1_g,63,"XP Pen Artist 12 للمعلمين والمعلمات ومحبي الرسم أرخص وأقوى تابلت للشرح",https://www.youtube.com/watch?v=8ZXdHzH3IMo,8ZXdHzH3IMo,2023-06-23T14:58:38Z,08:11,"3,218","XP Pen Artist 12
 أرخص وأقوى تابلت للشرح
للمتابعين من المملكة العربية السعودية
تحقق من المنتج عبر amz https://www.amazon.sa/dp/B09HCJFYMT واحصل على كود خصم بقيمة 20٪ 8599CFP2

للمتابعين من البلدان الأخرى:
استمتع بخصم 27٪ عبر متجر XPPen الرسمي https://www.storexppen.net/buy/62.html مع رمز القسيمة 8599CFP2
يرجى ملاحظة أن رمز الكوبون صالح من اليوم حتى 9 يوليو.

موقع التابلت الرسمي : https://www.xp-pen.com/product/artist-12-2nd-gen.html
أقوى وأفضل تابلت في الشرح والبث المباشر للمعلمين والمعلمات ومحبي الرسم 
أقوى وأدق تابلت للرسم الرقمي",https://i.ytimg.com/vi/8ZXdHzH3IMo/hqdefault.jpg,available
"فنون العربية",https://www.youtube.com/@fonon_arabic,UC1Z2SVr3TMB7sPrJDw1D1_g,64,"علامات رفع الفعل المضارع ـ سلسلة تعلم الإعراب 69",https://www.youtube.com/watch?v=-5BMrvjYqSw,'-5BMrvjYqSw,2023-05-28T11:05:45Z,10:58,"18,332","علامات رفع الفعل المضارع (  الصحيحالآخر  و المعتل الآخر  و الأفعال الخمسة  ) 
شرح الفعل المضارع الصحيح الآخر والمعتل الآخر
https://youtu.be/FY1VMKYnaRA
رفع الفعل المضارع ـ الصحيح و المعتل و الأفعال الخمسة ـ سلسلة تعلم الإعراب 19
https://youtu.be/63dRKoaxLh4
نصب المضارع شرح بالتفصيل لجميع المراحل ـ سلسلة تعلم الإعراب 20
https://youtu.be/OH8e6y1Elow
جزم الفعل المضارع ـ الصحيح و المعتل الآخر و الأفعال الخمسة ــ سلسلة تعلم الإعراب 21
https://youtu.be/9CCiiFMsUyU
أسعد بانضمامكم  وشرف لي انتسابكم إلى قناة فنون العربية و تفعيل الانتساب اليوتيوب الجديدة ودعم صناع المحتوى
https://www.youtube.com/channel/UC1Z2...
يمكنكم متابعة قائمة التشغيل لتعلم النحو والإعراب من البداية من هنا :
https://www.youtube.com/playlist?list...
للتواصل معي عبر حسابات التواصل الاجتماعي من هنا : 
فيس بوك 
https://www.facebook.com/mhmd.m.hsyn.1
تويتر 
https://twitter.com/mama77do
إنستجرام 
https://www.instagram.com/ma77mado/
لمتابعتنا في قناة التليجرام  بها الكثير من الاختبارات الإلكترونية من هنا : 
https://t.me/fonoonarabic
#فنون_العربية_محمد_حسين",https://i.ytimg.com/vi/-5BMrvjYqSw/hqdefault.jpg,available
"فنون العربية",https://www.youtube.com/@fonon_arabic,UC1Z2SVr3TMB7sPrJDw1D1_g,65,"الفعل المضارع الصحيح الآخر والمعتل الآخر",https://www.youtube.com/watch?v=FY1VMKYnaRA,FY1VMKYnaRA,2023-05-20T16:51:38Z,04:15,"66,030","شرح الفعل المضارع الصحيح الآخر والمعتل الآخر
رفع الفعل المضارع ـ الصحيح و المعتل و الأفعال الخمسة ـ سلسلة تعلم الإعراب 19
https://youtu.be/63dRKoaxLh4
نصب المضارع شرح بالتفصيل لجميع المراحل ـ سلسلة تعلم الإعراب 20
https://youtu.be/OH8e6y1Elow
جزم الفعل المضارع ـ الصحيح و المعتل الآخر و الأفعال الخمسة ــ سلسلة تعلم الإعراب 21
https://youtu.be/9CCiiFMsUyU
أسعد بانضمامكم  وشرف لي انتسابكم إلى قناة فنون العربية و تفعيل الانتساب اليوتيوب الجديدة ودعم صناع المحتوى
https://www.youtube.com/channel/UC1Z2...
يمكنكم متابعة قائمة التشغيل لتعلم النحو والإعراب من البداية من هنا :
https://www.youtube.com/playlist?list...
للتواصل معي عبر حسابات التواصل الاجتماعي من هنا : 
فيس بوك 
https://www.facebook.com/mhmd.m.hsyn.1
تويتر 
https://twitter.com/mama77do
إنستجرام 
https://www.instagram.com/ma77mado/
لمتابعتنا في قناة التليجرام  بها الكثير من الاختبارات الإلكترونية من هنا : 
https://t.me/fonoonarabic
#فنون_العربية_محمد_حسين",https://i.ytimg.com/vi/FY1VMKYnaRA/hqdefault.jpg,available
"فنون العربية",https://www.youtube.com/@fonon_arabic,UC1Z2SVr3TMB7sPrJDw1D1_g,66,"اسم الفاعل واسم المفعول من الفعل الثلاثي",https://www.youtube.com/watch?v=P3U44CnhvPI,P3U44CnhvPI,2022-10-28T16:13:10Z,16:54,"122,055","المشتقات : اسم الفاعل واسم المفعول من الفعل الثلاثي
لمتابعة شرح درس اسم المفعول من الفعل الثلاثي  :
https://youtu.be/GOVBsUI1Z2E
لمتابعة شرح درس اسم الفاعل من الفعل الثلاثي من هنا :
https://youtu.be/sMwYsA_Vs0U
لمتابعة شرح درس اسم الفاعل من الفعل الثلاثي وغير الثلاثي من هنا :
https://youtu.be/6UPEUsX8nxM
اسم المفعول من الفعل الثلاثي وغير الثلاثي
https://youtu.be/QiUumXzus3A
أسعد بانضمامكم  وشرف لي انتسابكم إلى قناة فنون العربية و تفعيل الانتساب اليوتيوب الجديدة ودعم صناع المحتوى
https://www.youtube.com/channel/UC1Z2...
يمكنكم متابعة قائمة التشغيل لتعلم النحو والإعراب من البداية من هنا :
https://www.youtube.com/playlist?list...
للتواصل معي عبر حسابات التواصل الاجتماعي من هنا : 
فيس بوك 
https://www.facebook.com/mhmd.m.hsyn.1
تويتر 
https://twitter.com/mama77do
إنستجرام 
https://www.instagram.com/ma77mado/
لمتابعتنا في قناة التليجرام  بها الكثير من الاختبارات الإلكترونية من هنا : 
https://t.me/fonoonarabic
#فنون_العربية_محمد_حسين",https://i.ytimg.com/vi/P3U44CnhvPI/hqdefault.jpg,available
"فنون العربية",https://www.youtube.com/@fonon_arabic,UC1Z2SVr3TMB7sPrJDw1D1_g,67,"همزة الوصل ـ الأسماء السماعية #shorts",https://www.youtube.com/watch?v=kRaCLfsUsgc,kRaCLfsUsgc,2022-10-22T13:42:13Z,01:00,"217,191","همزة الوصل أو ألف الوصل  ـ الأسماء السماعية #shorts",https://i.ytimg.com/vi/kRaCLfsUsgc/hqdefault.jpg,available
"فنون العربية",https://www.youtube.com/@fonon_arabic,UC1Z2SVr3TMB7sPrJDw1D1_g,68,"علامات الاسم. بداية تعلم الإعراب والقواعد النحوية",https://www.youtube.com/watch?v=EPXvfi684dw,EPXvfi684dw,2022-10-18T16:23:48Z,00:35,"17,842","علامات الاسم. بداية تعلم الإعراب والقواعد النحوية
الدرس كاملا من هنا : 
https://youtu.be/FlcpPE1RMK0",https://i.ytimg.com/vi/EPXvfi684dw/hqdefault.jpg,available
"فنون العربية",https://www.youtube.com/@fonon_arabic,UC1Z2SVr3TMB7sPrJDw1D1_g,69,"الفعل اللازم والمتعدي ـ سلسلة تعلم الإعراب 68",https://www.youtube.com/watch?v=zize7F4LOCU,zize7F4LOCU,2022-08-20T16:14:28Z,17:56,"366,642","شرح درس الفعل اللازم والفعل المتعدي بالتفصيل 
أسعد بانضمامكم  وشرف لي انتسابكم إلى قناة فنون العربية و تفعيل الانتساب اليوتيوب الجديدة ودعم صناع المحتوى
https://www.youtube.com/channel/UC1Z2...
يمكنكم متابعة قائمة التشغيل لتعلم النحو والإعراب من البداية من هنا :
https://www.youtube.com/playlist?list...
للتواصل معي عبر حسابات التواصل الاجتماعي من هنا : 
فيس بوك 
https://www.facebook.com/mhmd.m.hsyn.1
تويتر 
https://twitter.com/mama77do
إنستجرام 
https://www.instagram.com/ma77mado/
لمتابعتنا في قناة التليجرام  بها الكثير من الاختبارات الإلكترونية من هنا : 
https://t.me/fonoonarabic
#فنون_العربية_محمد_حسين",https://i.ytimg.com/vi/zize7F4LOCU/hqdefault.jpg,available
"فنون العربية",https://www.youtube.com/@fonon_arabic,UC1Z2SVr3TMB7sPrJDw1D1_g,70,"حروف الجر  #shorts",https://www.youtube.com/watch?v=0vLy7e8J-Ls,0vLy7e8J-Ls,2022-08-17T16:36:11Z,00:58,"801,957","حروف الجر  #shorts 
لمتابعة شرح الدرس بالتفصيل : 
https://youtu.be/yJ60Yy-_FDg",https://i.ytimg.com/vi/0vLy7e8J-Ls/hqdefault.jpg,available
"فنون العربية",https://www.youtube.com/@fonon_arabic,UC1Z2SVr3TMB7sPrJDw1D1_g,71,"قراءة التاريخ والأعداد الكبيرة ـ سلسلة تعلم الإعراب 67",https://www.youtube.com/watch?v=ACoIdJV6PTY,ACoIdJV6PTY,2022-08-13T12:20:23Z,11:46,"51,176","اختبار عن تذكير وتأنيث العدد مع المعدود 
https://forms.gle/cT8SSg4F7wvoTmuo7
أسعد بانضمامكم  وشرف لي انتسابكم إلى قناة فنون العربية و تفعيل الانتساب اليوتيوب الجديدة ودعم صناع المحتوى
https://www.youtube.com/channel/UC1Z2...
يمكنكم متابعة قائمة التشغيل لتعلم النحو والإعراب من البداية من هنا :
https://www.youtube.com/playlist?list...
تابع العدد والمعدود تذكيره وتأنيثه شرح بالتفصيل ـ سلسلة تعلم الإعراب 63
https://youtu.be/VjF3OsfZbAQ
تمييز العدد ـ سلسلة تعلم الإعراب 64.
https://youtu.be/E5brndX1_8A
إعراب العدد وتمييزالعدد ـ سلسلة تعلم الإعراب 65
https://youtu.be/vHPeOCqHq3E
لمتابعة درس أنواع التمييز  بطريقة رائعة ــ سلسلة تعلم الإعراب 39
https://youtu.be/Z3VulRoUu1I
للتواصل معي عبر حسابات التواصل الاجتماعي من هنا : 
فيس بوك 
https://www.facebook.com/mhmd.m.hsyn.1
تويتر 
https://twitter.com/mama77do
إنستجرام 
https://www.instagram.com/ma77mado/
لمتابعتنا في قناة التليجرام  بها الكثير من الاختبارات الإلكترونية من هنا : 
https://t.me/fonoonarabic
#فنون_العربية_محمد_حسين",https://i.ytimg.com/vi/ACoIdJV6PTY/hqdefault.jpg,available
"فنون العربية",https://www.youtube.com/@fonon_arabic,UC1Z2SVr3TMB7sPrJDw1D1_g,72,"تذكير العدد وتأنيثه مع لفظي عام وسنة  ـ سلسلة تعلم الإعراب 66",https://www.youtube.com/watch?v=DLrym-1FTbs,DLrym-1FTbs,2022-08-08T14:35:29Z,04:17,"37,895","اختبار عن تذكير وتأنيث العدد مع المعدود 
https://forms.gle/cT8SSg4F7wvoTmuo7
أسعد بانضمامكم  وشرف لي انتسابكم إلى قناة فنون العربية و تفعيل الانتساب اليوتيوب الجديدة ودعم صناع المحتوى
https://www.youtube.com/channel/UC1Z2...
يمكنكم متابعة قائمة التشغيل لتعلم النحو والإعراب من البداية من هنا :
https://www.youtube.com/playlist?list...
تابع العدد والمعدود تذكيره وتأنيثه شرح بالتفصيل ـ سلسلة تعلم الإعراب 63
https://youtu.be/VjF3OsfZbAQ
تمييز العدد ـ سلسلة تعلم الإعراب 64.
https://youtu.be/E5brndX1_8A
إعراب العدد وتمييزالعدد ـ سلسلة تعلم الإعراب 65
https://youtu.be/vHPeOCqHq3E
قراءة التاريخ والأعداد الكبيرة ـ سلسلة تعلم الإعراب 67
https://youtu.be/ACoIdJV6PTY

لمتابعة درس أنواع التمييز  بطريقة رائعة ــ سلسلة تعلم الإعراب 39
https://youtu.be/Z3VulRoUu1I
للتواصل معي عبر حسابات التواصل الاجتماعي من هنا : 
فيس بوك 
https://www.facebook.com/mhmd.m.hsyn.1
تويتر 
https://twitter.com/mama77do
إنستجرام 
https://www.instagram.com/ma77mado/
لمتابعتنا في قناة التليجرام  بها الكثير من الاختبارات الإلكترونية من هنا : 
https://t.me/fonoonarabic
#فنون_العربية_محمد_حسين",https://i.ytimg.com/vi/DLrym-1FTbs/hqdefault.jpg,available
"فنون العربية",https://www.youtube.com/@fonon_arabic,UC1Z2SVr3TMB7sPrJDw1D1_g,73,"إعراب العدد وتمييزالعدد ـ سلسلة تعلم الإعراب 65",https://www.youtube.com/watch?v=vHPeOCqHq3E,vHPeOCqHq3E,2022-08-06T12:35:12Z,19:56,"284,998","اختبار عن تذكير وتأنيث العدد مع المعدود 
https://forms.gle/cT8SSg4F7wvoTmuo7
أسعد بانضمامكم  وشرف لي انتسابكم إلى قناة فنون العربية و تفعيل الانتساب اليوتيوب الجديدة ودعم صناع المحتوى
https://www.youtube.com/channel/UC1Z2...
رابط إعراب الجمل الواقعة في المقطع إعراب العدد والمعدود 
https://www.fononarabic.com/2022/07/expression%20of%20numbers.html
يمكنكم متابعة قائمة التشغيل لتعلم النحو والإعراب من البداية من هنا :
https://www.youtube.com/playlist?list...
تابع العدد والمعدود تذكيره وتأنيثه شرح بالتفصيل ـ سلسلة تعلم الإعراب 63
https://youtu.be/VjF3OsfZbAQ
تمييز العدد ـ سلسلة تعلم الإعراب 64.
https://youtu.be/E5brndX1_8A
تذكير العدد وتأنيثه مع لفظي عام وسنة ـ سلسلة تعلم الإعراب 66
https://youtu.be/DLrym-1FTbs
قراءة التاريخ والأعداد الكبيرة ـ سلسلة تعلم الإعراب 67
https://youtu.be/ACoIdJV6PTY

لمتابعة درس أنواع التمييز  بطريقة رائعة ــ سلسلة تعلم الإعراب 39
https://youtu.be/Z3VulRoUu1I
للتواصل معي عبر حسابات التواصل الاجتماعي من هنا : 
فيس بوك 
https://www.facebook.com/mhmd.m.hsyn.1
تويتر 
https://twitter.com/mama77do
إنستجرام 
https://www.instagram.com/ma77mado/
لمتابعتنا في قناة التليجرام  بها الكثير من الاختبارات الإلكترونية من هنا : 
https://t.me/fonoonarabic
#فنون_العربية_محمد_حسين",https://i.ytimg.com/vi/vHPeOCqHq3E/hqdefault.jpg,available
"فنون العربية",https://www.youtube.com/@fonon_arabic,UC1Z2SVr3TMB7sPrJDw1D1_g,74,"تمييز العدد  ـ سلسلة تعلم الإعراب 64",https://www.youtube.com/watch?v=E5brndX1_8A,E5brndX1_8A,2022-07-30T17:50:54Z,08:37,"207,404","اختبار عن تذكير وتأنيث العدد مع المعدود 
https://forms.gle/cT8SSg4F7wvoTmuo7
أسعد بانضمامكم  وشرف لي انتسابكم إلى قناة فنون العربية و تفعيل الانتساب اليوتيوب الجديدة ودعم صناع المحتوى
https://www.youtube.com/channel/UC1Z2...
يمكنكم متابعة قائمة التشغيل لتعلم النحو والإعراب من البداية من هنا :
https://www.youtube.com/playlist?list...
تابع العدد والمعدود تذكيره وتأنيثه شرح بالتفصيل ـ سلسلة تعلم الإعراب 63
https://youtu.be/VjF3OsfZbAQ
إعراب العدد وتمييزالعدد ـ سلسلة تعلم الإعراب 65
https://youtu.be/vHPeOCqHq3E
تذكير العدد وتأنيثه مع لفظي عام وسنة ـ سلسلة تعلم الإعراب 66
https://youtu.be/DLrym-1FTbs
قراءة التاريخ والأعداد الكبيرة ـ سلسلة تعلم الإعراب 67
https://youtu.be/ACoIdJV6PTY

لمتابعة درس أنواع التمييز  بطريقة رائعة ــ سلسلة تعلم الإعراب 39
https://youtu.be/Z3VulRoUu1I

للتواصل معي عبر حسابات التواصل الاجتماعي من هنا : 
فيس بوك 
https://www.facebook.com/mhmd.m.hsyn.1
تويتر 
https://twitter.com/mama77do
إنستجرام 
https://www.instagram.com/ma77mado/
لمتابعتنا في قناة التليجرام  بها الكثير من الاختبارات الإلكترونية من هنا : 
https://t.me/fonoonarabic
#فنون_العربية_محمد_حسين",https://i.ytimg.com/vi/E5brndX1_8A/hqdefault.jpg,available
"فنون العربية",https://www.youtube.com/@fonon_arabic,UC1Z2SVr3TMB7sPrJDw1D1_g,75,"العدد والمعدود تذكيره وتأنيثه شرح بالتفصيل ـ سلسلة تعلم الإعراب 63",https://www.youtube.com/watch?v=VjF3OsfZbAQ,VjF3OsfZbAQ,2022-07-24T16:00:12Z,20:20,"579,772","اختبار عن تذكير وتأنيث العدد مع المعدود 
https://forms.gle/cT8SSg4F7wvoTmuo7
أسعد بانضمامكم  وشرف لي انتسابكم إلى قناة فنون العربية و تفعيل الانتساب اليوتيوب الجديدة ودعم صناع المحتوى
https://www.youtube.com/channel/UC1Z2...
يمكنكم متابعة قائمة التشغيل لتعلم النحو والإعراب من البداية من هنا :
https://www.youtube.com/playlist?list...
تمييز العدد ـ سلسلة تعلم الإعراب 64.
https://youtu.be/E5brndX1_8A
إعراب العدد وتمييزالعدد ـ سلسلة تعلم الإعراب 65
https://youtu.be/vHPeOCqHq3E
تذكير العدد وتأنيثه مع لفظي عام وسنة ـ سلسلة تعلم الإعراب 66
https://youtu.be/DLrym-1FTbs
قراءة التاريخ والأعداد الكبيرة ـ سلسلة تعلم الإعراب 67
https://youtu.be/ACoIdJV6PTY
لمتابعة درس أنواع التمييز  بطريقة رائعة ــ سلسلة تعلم الإعراب 39
https://youtu.be/Z3VulRoUu1I
للتواصل معي عبر حسابات التواصل الاجتماعي من هنا : 
فيس بوك 
https://www.facebook.com/mhmd.m.hsyn.1
تويتر 
https://twitter.com/mama77do
إنستجرام 
https://www.instagram.com/ma77mado/
لمتابعتنا في قناة التليجرام  بها الكثير من الاختبارات الإلكترونية من هنا : 
https://t.me/fonoonarabic
#فنون_العربية_محمد_حسين",https://i.ytimg.com/vi/VjF3OsfZbAQ/hqdefault.jpg,available
"فنون العربية",https://www.youtube.com/@fonon_arabic,UC1Z2SVr3TMB7sPrJDw1D1_g,76,"معلومة في دقيقة ـ ضبط شين العشرة #shorts",https://www.youtube.com/watch?v=GniHmSKx7ac,GniHmSKx7ac,2022-07-15T13:00:16Z,00:56,"25,608","معلومة في دقيقة ـ ضبط شين العشرة
نتعرف في هذا المقطع متى نفتح شين العشرة ومتى نجعلها ساكنة . #shorts",https://i.ytimg.com/vi/GniHmSKx7ac/hqdefault.jpg,available
"فنون العربية",https://www.youtube.com/@fonon_arabic,UC1Z2SVr3TMB7sPrJDw1D1_g,77,"ماذا نكتب مائة أم مِئة ؟",https://www.youtube.com/watch?v=1Fx5QjaHSCA,1Fx5QjaHSCA,2022-07-01T16:57:26Z,02:19,"49,191","أسعد بانضمامكم  وشرف لي انتسابكم إلى قناة فنون العربية و تفعيل الانتساب اليوتيوب الجديدة ودعم صناع المحتوى
https://www.youtube.com/channel/UC1Z2...
يمكنكم متابعة قائمة التشغيل لتعلم النحو والإعراب من البداية من هنا :
https://www.youtube.com/playlist?list...

للتواصل معي عبر حسابات التواصل الاجتماعي من هنا : 
فيس بوك 
https://www.facebook.com/mhmd.m.hsyn.1
تويتر 
https://twitter.com/mama77do
إنستجرام 
https://www.instagram.com/ma77mado/
لمتابعتنا في قناة التليجرام  بها الكثير من الاختبارات الإلكترونية من هنا : 
https://t.me/fonoonarabic
#فنون_العربية_محمد_حسين",https://i.ytimg.com/vi/1Fx5QjaHSCA/hqdefault.jpg,available
"فنون العربية",https://www.youtube.com/@fonon_arabic,UC1Z2SVr3TMB7sPrJDw1D1_g,78,"كذا أنواعها وإعرابها ـ  سلسلة تعلم الإعراب 62",https://www.youtube.com/watch?v=id_jj009-DY,id_jj009-DY,2022-04-26T19:12:25Z,05:01,"168,345","إعراب كذا ومعرفة أنواعها 
أسعد بانضمامكم  وشرف لي انتسابكم إلى قناة فنون العربية و تفعيل الانتساب اليوتيوب الجديدة ودعم صناع المحتوى
https://www.youtube.com/channel/UC1Z2...
يمكنكم متابعة قائمة التشغيل لتعلم النحو والإعراب من البداية من هنا :
https://www.youtube.com/playlist?list...

للتواصل معي عبر حسابات التواصل الاجتماعي من هنا : 
فيس بوك 
https://www.facebook.com/mhmd.m.hsyn.1
تويتر 
https://twitter.com/mama77do
إنستجرام 
https://www.instagram.com/ma77mado/
لمتابعتنا في قناة التليجرام  بها الكثير من الاختبارات الإلكترونية من هنا : 
https://t.me/fonoonarabic
#فنون_العربية_محمد_حسين",https://i.ytimg.com/vi/id_jj009-DY/hqdefault.jpg,available
"فنون العربية",https://www.youtube.com/@fonon_arabic,UC1Z2SVr3TMB7sPrJDw1D1_g,79,"نص أنا الرياض للصف الخامس الفصل الدراسي الثالث 1443",https://www.youtube.com/watch?v=Plvtf1Mzzb0,Plvtf1Mzzb0,2022-04-02T19:36:29Z,02:02,"28,701","كل عام والجميع بخير بمناسبة شهر رمضان الكريم أعاده الله علينا وعليكم بالخير والبركات . 
نص أنا الرياض للصف الخامس الفصل الدراسي الثالث 1443 المنهج السعودي",https://i.ytimg.com/vi/Plvtf1Mzzb0/hqdefault.jpg,available
"فنون العربية",https://www.youtube.com/@fonon_arabic,UC1Z2SVr3TMB7sPrJDw1D1_g,80,"خطأ شائع أجازة أم إجازة ؟ #shorts",https://www.youtube.com/watch?v=7wOX-X5Jza8,7wOX-X5Jza8,2022-02-12T19:28:30Z,01:00,"22,273","خطأ شائع أجازة أم إجازة 
أسعد بانضمامكم  وشرف لي انتسابكم إلى قناة فنون العربية و تفعيل الانتساب اليوتيوب الجديدة 2020 ودعم صناع المحتوى
https://www.youtube.com/channel/UC1Z2...
يمكنكم متابعة قائمة التشغيل لتعلم النحو والإعراب من البداية من هنا :
https://www.youtube.com/playlist?list=PLrFRFRnrC6-U43IsG-wFjjZtwbDN06AVQ

للتواصل معي عبر حسابات التواصل الاجتماعي من هنا : 
فيس بوك 
https://www.facebook.com/mhmd.m.hsyn.1
تويتر 
https://twitter.com/mama77do
إنستجرام 
https://www.instagram.com/ma77mado/
لمتابعتنا في قناة التليجرام  بها الكثير من الاختبارات الإلكترونية من هنا : 
https://t.me/fonoonarabic

#shorts",https://i.ytimg.com/vi/7wOX-X5Jza8/hqdefault.jpg,available
"فنون العربية",https://www.youtube.com/@fonon_arabic,UC1Z2SVr3TMB7sPrJDw1D1_g,81,"إعراب أطول ثلاث كلمات في القرآن الكريم ـ سلسلة تعلم الإعراب 61",https://www.youtube.com/watch?v=lUjJoP0P7JM,lUjJoP0P7JM,2022-02-04T17:17:29Z,06:44,"226,443","نتحدث في هذا المقطع عن إعراب أطول ثلاث كلمات في القرآن الكريم وهي : فأسقيناكموه ، فنلزمكموها ، فسيكفيكهم الله ـ سلسلة تعلم الإعراب 61
أسعد بانضمامكم  وشرف لي انتسابكم إلى قناة فنون العربية و تفعيل الانتساب اليوتيوب الجديدة 2020 ودعم صناع المحتوى
https://www.youtube.com/channel/UC1Z2...
يمكنكم متابعة قائمة التشغيل لتعلم النحو والإعراب من البداية من هنا :
https://www.youtube.com/playlist?list=PLrFRFRnrC6-U43IsG-wFjjZtwbDN06AVQ

للتواصل معي عبر حسابات التواصل الاجتماعي من هنا : 
فيس بوك 
https://www.facebook.com/mhmd.m.hsyn.1
تويتر 
https://twitter.com/mama77do
إنستجرام 
https://www.instagram.com/ma77mado/
لمتابعتنا في قناة التليجرام  بها الكثير من الاختبارات الإلكترونية من هنا : 
https://t.me/fonoonarabic
#فنون_العربية_محمد_حسين",https://i.ytimg.com/vi/lUjJoP0P7JM/hqdefault.jpg,available
"فنون العربية",https://www.youtube.com/@fonon_arabic,UC1Z2SVr3TMB7sPrJDw1D1_g,82,"نداء لفظ الجلالة الله ـ سلسلة تعلم الإعراب 60",https://www.youtube.com/watch?v=8-7IYxmVrTU,8-7IYxmVrTU,2022-01-29T16:42:44Z,01:48,"27,337","لمتابعة درس النداء كاملا بأنواعه المختلفة و أنواع المنادى من هنا : 
https://youtu.be/f-eVNtdqSFg
أسعد بانضمامكم  وشرف لي انتسابكم إلى قناة فنون العربية و تفعيل الانتساب اليوتيوب الجديدة 2020 ودعم صناع المحتوى
https://www.youtube.com/channel/UC1Z2...
يمكنكم متابعة قائمة التشغيل لتعلم النحو والإعراب من البداية من هنا :
https://www.youtube.com/playlist?list=PLrFRFRnrC6-U43IsG-wFjjZtwbDN06AVQ

للتواصل معي عبر حسابات التواصل الاجتماعي من هنا : 
فيس بوك 
https://www.facebook.com/mhmd.m.hsyn.1
تويتر 
https://twitter.com/mama77do
إنستجرام 
https://www.instagram.com/ma77mado/
لمتابعتنا في قناة التليجرام  بها الكثير من الاختبارات الإلكترونية من هنا : 
https://t.me/fonoonarabic

#فنون_العربية_محمد_حسين",https://i.ytimg.com/vi/8-7IYxmVrTU/hqdefault.jpg,available
"فنون العربية",https://www.youtube.com/@fonon_arabic,UC1Z2SVr3TMB7sPrJDw1D1_g,83,"نداء ما فيه  أل ـ  سلسلة تعلم الإعراب 59",https://www.youtube.com/watch?v=tTVeECJb7Ok,tTVeECJb7Ok,2022-01-28T17:44:18Z,02:41,"26,143","نداء ما فيه  أل ـ  سلسلة تعلم الإعراب 59
لمتابعة درس النداء كاملا بأنواعه المختلفة و أنواع المنادى من هنا : 
https://youtu.be/f-eVNtdqSFg
أسعد بانضمامكم  وشرف لي انتسابكم إلى قناة فنون العربية و تفعيل الانتساب اليوتيوب الجديدة 2020 ودعم صناع المحتوى
https://www.youtube.com/channel/UC1Z2...
يمكنكم متابعة قائمة التشغيل لتعلم النحو والإعراب من البداية من هنا :
https://www.youtube.com/playlist?list=PLrFRFRnrC6-U43IsG-wFjjZtwbDN06AVQ

للتواصل معي عبر حسابات التواصل الاجتماعي من هنا : 
فيس بوك 
https://www.facebook.com/mhmd.m.hsyn.1
تويتر 
https://twitter.com/mama77do
إنستجرام 
https://www.instagram.com/ma77mado/
لمتابعتنا في قناة التليجرام  بها الكثير من الاختبارات الإلكترونية من هنا : 
https://t.me/fonoonarabic

#فنون_العربية_محمد_حسين",https://i.ytimg.com/vi/tTVeECJb7Ok/hqdefault.jpg,available
"فنون العربية",https://www.youtube.com/@fonon_arabic,UC1Z2SVr3TMB7sPrJDw1D1_g,84,"إعراب عناوين الكتب والمقالات وأسماء الأماكن ـ سلسلة تعلم الإعراب 58",https://www.youtube.com/watch?v=TAtm29m7PdU,TAtm29m7PdU,2022-01-10T07:59:26Z,04:52,"29,875","إعراب عناوين الكتب والمقالات وأسماء الأماكن ـ سلسلة تعلم الإعراب 58
أسعد بانضمامكم  وشرف لي انتسابكم إلى قناة فنون العربية و تفعيل الانتساب اليوتيوب الجديدة 2020 ودعم صناع المحتوى
https://www.youtube.com/channel/UC1Z2...
يمكنكم متابعة قائمة التشغيل لتعلم النحو والإعراب من البداية من هنا :
https://www.youtube.com/playlist?list=PLrFRFRnrC6-U43IsG-wFjjZtwbDN06AVQ

للتواصل معي عبر حسابات التواصل الاجتماعي من هنا : 
فيس بوك 
https://www.facebook.com/mhmd.m.hsyn.1
تويتر 
https://twitter.com/mama77do
إنستجرام 
https://www.instagram.com/ma77mado/
لمتابعتنا في قناة التليجرام  بها الكثير من الاختبارات الإلكترونية من هنا : 
https://t.me/fonoonarabic

#فنون_العربية_محمد_حسين",https://i.ytimg.com/vi/TAtm29m7PdU/hqdefault.jpg,available
"فنون العربية",https://www.youtube.com/@fonon_arabic,UC1Z2SVr3TMB7sPrJDw1D1_g,85,"إعراب جملة ممنوع الوقوف أو الجلوس أو التدخين     ـ سلسلة تعلم الإعراب 57",https://www.youtube.com/watch?v=DE462jjjyec,DE462jjjyec,2021-12-31T14:40:03Z,02:17,"71,063","إعراب جملة ممنوع الوقوف أو الجلوس أو التدخين أو التصوير أو الدخول  ـ سلسلة تعلم الإعراب 57
أسعد بانضمامكم  وشرف لي انتسابكم إلى قناة فنون العربية و تفعيل الانتساب اليوتيوب الجديدة 2020 ودعم صناع المحتوى
https://www.youtube.com/channel/UC1Z2...
يمكنكم متابعة قائمة التشغيل لتعلم النحو والإعراب من البداية من هنا :
https://www.youtube.com/playlist?list=PLrFRFRnrC6-U43IsG-wFjjZtwbDN06AVQ

للتواصل معي عبر حسابات التواصل الاجتماعي من هنا : 
فيس بوك 
https://www.facebook.com/mhmd.m.hsyn.1
تويتر 
https://twitter.com/mama77do
إنستجرام 
https://www.instagram.com/ma77mado/
لمتابعتنا في قناة التليجرام  بها الكثير من الاختبارات الإلكترونية من هنا : 
https://t.me/fonoonarabic

#فنون_العربية_محمد_حسين",https://i.ytimg.com/vi/DE462jjjyec/hqdefault.jpg,available
"فنون العربية",https://www.youtube.com/@fonon_arabic,UC1Z2SVr3TMB7sPrJDw1D1_g,86,"إعراب كلمة لا إله إلا الله بالتفصيل ـ سلسلة تعلم الإعراب 56",https://www.youtube.com/watch?v=_m_B6FpNHM4,_m_B6FpNHM4,2021-12-03T13:07:10Z,05:10,"859,830","إعراب كلمة لا إله إلا الله بالتفصيل ـ سلسلة تعلم الإعراب 56
أسعد بانضمامكم  وشرف لي انتسابكم إلى قناة فنون العربية و تفعيل الانتساب اليوتيوب الجديدة 2020 ودعم صناع المحتوى
https://www.youtube.com/channel/UC1Z2...
يمكنكم متابعة قائمة التشغيل لتعلم النحو والإعراب من البداية من هنا :
https://www.youtube.com/playlist?list=PLrFRFRnrC6-U43IsG-wFjjZtwbDN06AVQ

للتواصل معي عبر حسابات التواصل الاجتماعي من هنا : 
فيس بوك 
https://www.facebook.com/mhmd.m.hsyn.1
تويتر 
https://twitter.com/mama77do
إنستجرام 
https://www.instagram.com/ma77mado/
لمتابعتنا في قناة التليجرام  بها الكثير من الاختبارات الإلكترونية من هنا : 
https://t.me/fonoonarabic

#فنون_العربية_محمد_حسين",https://i.ytimg.com/vi/_m_B6FpNHM4/hqdefault.jpg,available
"فنون العربية",https://www.youtube.com/@fonon_arabic,UC1Z2SVr3TMB7sPrJDw1D1_g,87,"إعراب كلا وكلتا بالتفصيل ـ سلسلة تعلم الإعراب 55",https://www.youtube.com/watch?v=22YOjKmjc-E,22YOjKmjc-E,2021-11-22T13:00:00Z,05:53,"112,459","إعراب كلا وكلتا بالتفصيل ـ سلسلة تعلم الإعراب 55 
لمتابعة درس التوكيد اللفظي و المعنوي ــ سلسلة تعلم الإعراب 36.mp4
https://youtu.be/PJJ4dXlYuxw 

أسعد بانضمامكم  وشرف لي انتسابكم إلى قناة فنون العربية و تفعيل الانتساب اليوتيوب الجديدة 2020 ودعم صناع المحتوى
https://www.youtube.com/channel/UC1Z2...
أنواع النعت (الصفة) سلسلة تعلم الإعراب 33.mp4
https://youtu.be/QbPnbwIyRsQ
أنواع الخبر شرح بالتفصيل ـ سلسلة تعلم الإعراب 14.mp4
https://youtu.be/5sLnAlW74vQ
الفرق بين النعت الحقيقي و النعت السببي ـ سلسة تعلم الإعراب 34.mp4
https://youtu.be/Cu6xb3CgW8U
الفرق بين الصفة و الحال ـ سلسلة تعلم الإعراب 31.
https://youtu.be/YIPVugqseKY
العطف بالتفصيل بطريقة جميلة ـ سلسلة تعلم الإعراب 35
https://youtu.be/5V-uGR2ZL4M
البدل و أقسامه بطريقة جميلة ــ سلسلة تعلم الإعراب 37
https://youtu.be/1Qg0zSoIFLg
علامات الإعراب  الأصلية : ( الضمة ـ الفتحة ـ الكسرة ) سلسلة تعلم الإعراب 5
https://youtu.be/_GpJcCQl79w
علامات الإعراب الفرعية شرح بالتفصيل ـ سلسلة تعلم الإعراب 6
https://youtu.be/FUGuenhyaZ4
الفاعل و علامات إعرابه و أنواعه ـ سلسلة تعلم الإعراب 9
https://youtu.be/GeoiDO3Y6ls
المفعول به و علامات إعرابه و أنواعه ـ سلسلة تعلم الإعراب 10
https://youtu.be/-sSadKciHjA

يمكنكم دعم القناة لاستمرار المحتوى على paypal من خلال الرابط التالي :
https://paypal.me/mamado77777?locale....
للتواصل معي عبر حسابات التواصل الاجتماعي من هنا : 
فيس بوك 
https://www.facebook.com/mhmd.m.hsyn.1
تويتر 
https://twitter.com/mama77do
إنستجرام 
https://www.instagram.com/ma77mado/


#فنون_العربية_محمد_حسين",https://i.ytimg.com/vi/22YOjKmjc-E/hqdefault.jpg,available
"فنون العربية",https://www.youtube.com/@fonon_arabic,UC1Z2SVr3TMB7sPrJDw1D1_g,88,"تنوين النصب ـ رسم الكلمات المنونة تنوين نصب",https://www.youtube.com/watch?v=d5xwONOaPK0,d5xwONOaPK0,2021-11-06T18:54:37Z,10:30,"77,224","تنوين النصب ( الفتح ) ـ رسم الكلمات المنونة تنوين نصب شرح بالتفصيل 
#فنون_العربية_محمد_حسين
لمتابعتنا في قناة التليجرام  بها الكثير من الاختبارات الإلكترونية من هنا : 
https://t.me/fonoonarabic
للتواصل معي عبر حسابات التواصل الاجتماعي من هنا : 
فيس بوك 
https://www.facebook.com/mhmd.m.hsyn.1
تويتر 
https://twitter.com/mama77do
إنستجرام 
https://www.instagram.com/ma77mado/",https://i.ytimg.com/vi/d5xwONOaPK0/hqdefault.jpg,available
"فنون العربية",https://www.youtube.com/@fonon_arabic,UC1Z2SVr3TMB7sPrJDw1D1_g,89,"خطأ شائع اسم مستشفى مذكر أم مؤنث ؟ #shorts",https://www.youtube.com/watch?v=ceViYVXRjfU,ceViYVXRjfU,2021-11-04T18:41:24Z,00:59,"35,294","خطأ شائع اسم مستشفى مذكر أم مؤنث ؟ 
يمكنكم مشاهدة درس الضمائر المتصلة بالتفصيل و إعرابها بالتفصيل من هنا :
https://youtu.be/cGxdW8XgiOs 
يمكنكم مشاهدة درس الضمائر المنفصلة في دقيقة من هنا :
https://youtu.be/0CGUpBdvlzg
يمكنكم مشاهدة درس الضمير المستتر ـ وجوبًا وجوازًا من هنا :
https://youtu.be/yV-UaopW4ew
تابع الضمائر المنفصلة بالتفصيل من هنا : 
https://youtu.be/aYnw3u2ChRI
إعراب الضمائر المتصلة مع الاسم  من هنا : 
https://youtu.be/eCbCWzdE4iI
لمتابعة درس أسماء الإشارة : 
https://youtu.be/eO0c3sBP6Zg
لمتابعتنا في قناة التليجرام  بها الكثير من الاختبارات الإلكترونية من هنا : 
https://t.me/fonoonarabic
#shorts",https://i.ytimg.com/vi/ceViYVXRjfU/hqdefault.jpg,available
"فنون العربية",https://www.youtube.com/@fonon_arabic,UC1Z2SVr3TMB7sPrJDw1D1_g,90,"تنزيل أفضل مذكرتين للتأسيس وتعليم مهارات القراءة والإملاء",https://www.youtube.com/watch?v=U5Usww9eul0,U5Usww9eul0,2021-10-30T08:25:23Z,08:18,"10,863","رابط تنزيل أفضل مذكرتين للتأسيس وتعليم مهارات القراءة والإملاء :
https://www.fononarabic.com/2021/10/blog-post.html
لمتابعتنا في قناة التليجرام  بها الكثير من الاختبارات الإلكترونية من هنا : 
https://t.me/fonoonarabic
#فنون_العربية_محمد_حسين",https://i.ytimg.com/vi/U5Usww9eul0/hqdefault.jpg,available
"فنون العربية",https://www.youtube.com/@fonon_arabic,UC1Z2SVr3TMB7sPrJDw1D1_g,91,"الفرق بين زرع وغرس #shorts",https://www.youtube.com/watch?v=XsBse-zApEg,XsBse-zApEg,2021-10-26T19:07:15Z,00:56,"36,926","شرح الفرق بين زرعَ وغرسَ .
لمتابعة قائمة تشغيل تعلم النحو والإعراب من البداية من هنا : 
https://www.youtube.com/watch?v=FlcpPE1RMK0&list=PLrFRFRnrC6-U43IsG-wFjjZtwbDN06AVQ
لمتابعتنا في قناة التليجرام  بها الكثير من الاختبارات الإلكترونية من هنا : 
https://t.me/fonoonarabic
#shorts",https://i.ytimg.com/vi/XsBse-zApEg/hqdefault.jpg,available
"فنون العربية",https://www.youtube.com/@fonon_arabic,UC1Z2SVr3TMB7sPrJDw1D1_g,92,"إعراب الضمائر المتصلة مع الاسم في دقيقة #shorts",https://www.youtube.com/watch?v=KpcCmFa2Owo,KpcCmFa2Owo,2021-10-23T14:47:47Z,00:59,"52,127","يمكنكم مشاهدة درس الضمائر المتصلة بالتفصيل و إعرابها بالتفصيل من هنا :
https://youtu.be/cGxdW8XgiOs 
يمكنكم مشاهدة درس الضمائر المنفصلة في دقيقة من هنا :
https://youtu.be/0CGUpBdvlzg
يمكنكم مشاهدة درس الضمير المستتر ـ وجوبًا وجوازًا من هنا :
https://youtu.be/yV-UaopW4ew
تابع الضمائر المنفصلة بالتفصيل من هنا : 
https://youtu.be/aYnw3u2ChRI
إعراب الضمائر المتصلة مع الاسم  من هنا : 
https://youtu.be/eCbCWzdE4iI
لمتابعة درس أسماء الإشارة : 
https://youtu.be/eO0c3sBP6Zg
لمتابعتنا في قناة التليجرام  بها الكثير من الاختبارات الإلكترونية من هنا : 
https://t.me/fonoonarabic
#shorts",https://i.ytimg.com/vi/KpcCmFa2Owo/hqdefault.jpg,available
"فنون العربية",https://www.youtube.com/@fonon_arabic,UC1Z2SVr3TMB7sPrJDw1D1_g,93,"الضمائر المنفصلة في دقيقة #shorts",https://www.youtube.com/watch?v=0CGUpBdvlzg,0CGUpBdvlzg,2021-10-22T14:30:32Z,00:59,"179,296","يمكنكم مشاهدة درس الضمير المستتر ـ وجوبًا وجوازًا من هنا :
https://youtu.be/yV-UaopW4ew
تابع الضمائر المنفصلة بالتفصيل من هنا : 
https://youtu.be/aYnw3u2ChRI
الضمائر المتصلة بالتفصيل و إعرابها بالتفصيل
https://youtu.be/cGxdW8XgiOs 
إعراب الضمائر المتصلة مع الاسم  من هنا : 
https://youtu.be/eCbCWzdE4iI
لمتابعة درس أسماء الإشارة : 
https://youtu.be/eO0c3sBP6Zg
لمتابعتنا في قناة التليجرام  بها الكثير من الاختبارات الإلكترونية من هنا : 
https://t.me/fonoonarabic
#shorts",https://i.ytimg.com/vi/0CGUpBdvlzg/hqdefault.jpg,available
"فنون العربية",https://www.youtube.com/@fonon_arabic,UC1Z2SVr3TMB7sPrJDw1D1_g,94,"اسم المفعول من الفعل الثلاثي وغير الثلاثي",https://www.youtube.com/watch?v=QiUumXzus3A,QiUumXzus3A,2021-10-19T06:34:36Z,12:21,"203,286","لمتابعة شرح درس اسم المفعول من الفعل الثلاثي للصف السادس من هنا :
https://youtu.be/GOVBsUI1Z2E
لمتابعة شرح درس اسم الفاعل من الفعل الثلاثي للصف السادس من هنا :
https://youtu.be/sMwYsA_Vs0U
لمتابعة شرح درس اسم الفاعل من الفعل الثلاثي وغير الثلاثي من هنا :
https://youtu.be/6UPEUsX8nxM
لمتابعتنا في قناة التليجرام  بها الكثير من الاختبارات الإلكترونية من هنا : 
https://t.me/fonoonarabic
#فنون_العربية_محمد_حسين",https://i.ytimg.com/vi/QiUumXzus3A/hqdefault.jpg,available
"فنون العربية",https://www.youtube.com/@fonon_arabic,UC1Z2SVr3TMB7sPrJDw1D1_g,95,"اسم المفعول من الفعل الثلاثي",https://www.youtube.com/watch?v=GOVBsUI1Z2E,GOVBsUI1Z2E,2021-10-18T16:11:00Z,07:17,"20,322","شرح اسم المفعول من الفعل الثلاثي للصف السادس 
لمتابعة شرح درس اسم الفاعل من الفعل الثلاثي للصف السادس من هنا :
https://youtu.be/sMwYsA_Vs0U
لمتابعة شرح درس اسم الفاعل من الفعل الثلاثي وغير الثلاثي من هنا :
https://youtu.be/6UPEUsX8nxM
لمتابعة شرح درس اسم المفعول من الفعل الثلاثي وغير الثلاثي من هنا :
https://youtu.be/QiUumXzus3A
لمتابعتنا في قناة التليجرام  بها الكثير من الاختبارات الإلكترونية من هنا : 
https://t.me/fonoonarabic
#فنون_العربية_محمد_حسين",https://i.ytimg.com/vi/GOVBsUI1Z2E/hqdefault.jpg,available
"فنون العربية",https://www.youtube.com/@fonon_arabic,UC1Z2SVr3TMB7sPrJDw1D1_g,96,"اسم الفاعل من الفعل الثلاثي وغير الثلاثي",https://www.youtube.com/watch?v=6UPEUsX8nxM,6UPEUsX8nxM,2021-10-18T10:07:44Z,17:58,"176,364","لمتابعة شرح اسم الفاعل من الفعل الثلاثي فقط من هنا :
https://youtu.be/sMwYsA_Vs0U
لمتابعة شرح درس اسم المفعول من الفعل الثلاثي من هنا :
https://youtu.be/GOVBsUI1Z2E
لمتابعة شرح درس اسم المفعول من الفعل الثلاثي وغير الثلاثي من هنا :
https://youtu.be/QiUumXzus3A
لمتابعتنا في قناة التليجرام  بها الكثير من الاختبارات الإلكترونية من هنا : 
https://t.me/fonoonarabic
#فنون_العربية_محمد_حسين",https://i.ytimg.com/vi/6UPEUsX8nxM/hqdefault.jpg,available
"فنون العربية",https://www.youtube.com/@fonon_arabic,UC1Z2SVr3TMB7sPrJDw1D1_g,97,"اسم الفاعل من الفعل الثلاثي",https://www.youtube.com/watch?v=sMwYsA_Vs0U,sMwYsA_Vs0U,2021-10-17T18:44:41Z,10:13,"15,650","شرح اسم الفاعل من الفعل الثلاثي للصف السادس 
لمتابعة شرح درس اسم الفاعل من الفعل الثلاثي وغير الثلاثي من هنا :
https://youtu.be/6UPEUsX8nxM
لمتابعة شرح درس اسم المفعول من الفعل الثلاثي من هنا :
https://youtu.be/GOVBsUI1Z2E
لمتابعة شرح درس اسم المفعول من الفعل الثلاثي وغير الثلاثي من هنا :
https://youtu.be/QiUumXzus3A
لمتابعتنا في قناة التليجرام  بها الكثير من الاختبارات الإلكترونية من هنا : 
https://t.me/fonoonarabic
#فنون_العربية_محمد_حسين",https://i.ytimg.com/vi/sMwYsA_Vs0U/hqdefault.jpg,available
"فنون العربية",https://www.youtube.com/@fonon_arabic,UC1Z2SVr3TMB7sPrJDw1D1_g,98,"حذف همزة ابن وإثباتها بالتفصيل",https://www.youtube.com/watch?v=0S969zWp-6o,0S969zWp-6o,2021-09-25T09:00:12Z,15:00,"237,031","شرح درس حذف همزة ابن وإثباتها بالتفصيل لن تخطئوا فيها بعد هذا الدرس .
اختبار إلكتروني على حذف وإثبات همزتي ابن وابنة . لدخول الاختبار اضغط على الرابط 
https://forms.gle/XmJgeHKgJv2YMvsA9
لمتابعتنا في قناة التليجرام  بها الكثير من الاختبارات الإلكترونية من هنا : 
https://t.me/fonoonarabic
شرح درس همزة الوصل وهمزة القطع 
https://youtu.be/WLLyn3VWPrM
مشاهدة الهمزة المتوسطة في جميع حالاتها من هنا :
https://youtu.be/Zu6W9eO6B8Q
مشاهدة شرح درس الهمزة المتطرفة من هنا : 
https://youtu.be/Ddjsp90qy7c
مشاهدة شرح درس الهمزة المتوسطة على الألف :
 https://youtu.be/O4a3qPro0Lo
مشاهدة شرح درس الهمزة المتوسطة على الواو من هنا : https://youtu.be/T4r_gsnWV5M 
مشاهدة أيضا شرح درس الهمزة المتوسطة على الياء : https://youtu.be/KYFJnuSvH6w
شرح درس الهمزة المتوسطة على السطر :
https://youtu.be/l0a-l9JneaM
#فنون_العربية_محمد_حسين",https://i.ytimg.com/vi/0S969zWp-6o/hqdefault.jpg,available
"فنون العربية",https://www.youtube.com/@fonon_arabic,UC1Z2SVr3TMB7sPrJDw1D1_g,99,"الاستفهام  - أسلوب الاستفهام .  سلسلة تعلم الإعراب 54",https://www.youtube.com/watch?v=fY-y8LqX6Bk,fY-y8LqX6Bk,2021-08-07T12:47:41Z,09:57,"251,259","شرح درس أسلوب الاستفهام بالتفصيل  ومعرفة أدوات الاستفهام ومفاتيح الأسئلة بالتفصيل وشرح الفرق بين حرفي الاستفهام ( هل ، الهمزة ) وشرح معاني أسماء الاستفهام بالتفصيل .
القارئ . طه النعماني
لمتابعتنا في قناة التليجرام  بها الكثير من الاختبارات الإلكترونية من هنا : 
https://t.me/fonoonarabic
#فنون_العربية_محمد_حسين",https://i.ytimg.com/vi/fY-y8LqX6Bk/hqdefault.jpg,available
"فنون العربية",https://www.youtube.com/@fonon_arabic,UC1Z2SVr3TMB7sPrJDw1D1_g,100,"الفرق بين بين يحيا و يحيى",https://www.youtube.com/watch?v=NV7d9SXlLvs,NV7d9SXlLvs,2021-04-23T14:27:09Z,03:12,"143,813","الفرق بين يحيا بالألف القائمة ويحيى بالألف على صورة الياء وعصا الاسم وعصى الفعل . 
شرح تفصيلي لدرس الألف اللينة المتطرفة في الأسماء الثلاثية وفوق الثلاثية نت هنا  :
https://youtu.be/UJvg_LzsYIk
لمشاهدة شرح درس الألف اللينة المتطرفة في الأفعال الثلاثية وغير الثلاثية من هنا : 
https://youtu.be/v15KHJo_VQU
لمشاهدة شرح درس الألف اللينة المتطرفة  في الحروف من هنا : 
https://youtu.be/Y2cer5ShyTY
لمتابعتنا في قناة التليجرام  بها الكثير من الاختبارات الإلكترونية من هنا : 
https://t.me/fonoonarabic


#فنون_العربية_محمد_حسين",https://i.ytimg.com/vi/NV7d9SXlLvs/hqdefault.jpg,available
"فنون العربية",https://www.youtube.com/@fonon_arabic,UC1Z2SVr3TMB7sPrJDw1D1_g,101,"النكرة والمعرفة وأنواع المعارف ـ سلسلة تعلم الإعراب 53",https://www.youtube.com/watch?v=QwgwnhBA86w,QwgwnhBA86w,2021-04-19T14:44:33Z,15:18,"545,277","شرح درس النكرة والمعرفة بالتفصيل وشرح أنواع المعارف و تطبيق على النكرة والمعرفة وكيفية استخراج النكرة والمعرفة .
الضمائر المنفصلة ( المتكلم و المخاطب و الغائب ) مع الشرح بطريقة سهلة و بسيطة من هنا :
https://youtu.be/aYnw3u2ChRI
الضمائر المتصلة و إعرابها بالتفصيل من هنا :
https://youtu.be/cGxdW8XgiOs
الضمير المستتر ـ وجوبًا وجوازًا من هنا : 
https://youtu.be/yV-UaopW4ew
أسماء الإشارة للقريب و البعيد بطريقة سهلة و جميلة من هنا :
https://youtu.be/eO0c3sBP6Zg
الأسماء الموصولة كاملة المختصة و المشتركة من هنا :
https://youtu.be/tPIEgfxmDr0

لمتابعتنا في قناة التليجرام  بها الكثير من الاختبارات الإلكترونية من هنا : 
https://t.me/fonoonarabic
#فنون_العربية_محمد_حسين",https://i.ytimg.com/vi/QwgwnhBA86w/hqdefault.jpg,available
"فنون العربية",https://www.youtube.com/@fonon_arabic,UC1Z2SVr3TMB7sPrJDw1D1_g,102,"قل: كل عام وأنتم بخير ، ولا تقل : كل سنة وأنتم بخير #shorts",https://www.youtube.com/watch?v=yLp_Vpeh93U,yLp_Vpeh93U,2021-04-12T19:45:50Z,00:58,"18,935","قل: كل عام وأنتم بخير ، ولا تقل : كل سنة وأنتم بخير 
الفرق بين العام والسنة 
لمتابعتنا في قناة التليجرام  بها الكثير من الاختبارات الإلكترونية من هنا : 
https://t.me/fonoonarabic
#فنون_العربية_محمد_حسين
#shorts",https://i.ytimg.com/vi/yLp_Vpeh93U/hqdefault.jpg,available
"فنون العربية",https://www.youtube.com/@fonon_arabic,UC1Z2SVr3TMB7sPrJDw1D1_g,103,"إعراب صيغتي التعجب : ما أفعله وأفعل به ـ سلسلة تعلم الإعراب 52",https://www.youtube.com/watch?v=HKzP1GmSOdg,HKzP1GmSOdg,2021-04-10T18:48:38Z,02:27,"102,406","إعراب صيغتي التعجب : ما أفعله وأفعل به 
لمتابعتنا في قناة التليجرام  بها الكثير من الاختبارات الإلكترونية من هنا : 
https://t.me/fonoonarabic
 ولمعرفة الحالات التي يكون فيه الضمير مستترا وجوبا وجوازا من هنا :
https://youtu.be/yV-UaopW4ew
#فنون_العربية_محمد_حسين",https://i.ytimg.com/vi/HKzP1GmSOdg/hqdefault.jpg,available
"فنون العربية",https://www.youtube.com/@fonon_arabic,UC1Z2SVr3TMB7sPrJDw1D1_g,104,"أبو الأسود الدُّؤَلي مع ابنته ـ وقصة التعجب #shorts",https://www.youtube.com/watch?v=W_FioK3cifw,W_FioK3cifw,2021-04-07T20:22:57Z,00:57,"22,364","قصة (أبو الأسود الدُّؤَلي مع ابنته ) 
إعراب الجملتين
فالجملة الأولى استفهامية : ( ما أجملُ السماءِ ؟ ) 
ما الاستفهامية : اسم استفهام مبني على السكون في محل رفع خبر مقدم . 
أجملُ :  مبتدأ مؤخر مرفوع وعلامة رفعه الضمة الظاهرة و هو مضاف .
السماء :  مضاف إليه مجرور وعلامة جره الكسرة .
والجملة الثانية تعجبية ( ما أجملَ السماءَ ! )
ما اسم مبني على السكون في محل رفع مبتدأ .
أجمل فعل ماض مبني على الفتح و الفاعل ضمير مستتر تقديره ( هو ) 
السماء : مفعول به منصوب وعلامة نصبه الفتحة و الجملة الفعلية ( أجملَ السماءَ ) في محل رفع خبر المبتدأ ( ما ).  

لمتابعتنا في قناة التليجرام  بها الكثير من الاختبارات الإلكترونية من هنا : 
https://t.me/fonoonarabic
#فنون_العربية_محمد_حسين
#shorts",https://i.ytimg.com/vi/W_FioK3cifw/hqdefault.jpg,available
"فنون العربية",https://www.youtube.com/@fonon_arabic,UC1Z2SVr3TMB7sPrJDw1D1_g,105,"طرفة إملائية ـ حذف ألف ما الاستفهامية #shorts",https://www.youtube.com/watch?v=5jXMlwliDH0,5jXMlwliDH0,2021-04-02T17:37:37Z,00:58,"34,122","حذف ألف ما الاستفهامية تصويب الأخطاء الإملائية الشائعة 
لمتابعتنا في قناة التليجرام  بها الكثير من الاختبارات الإلكترونية من هنا : 
https://t.me/fonoonarabic
#فنون_العربية_محمد_حسين
#shorts",https://i.ytimg.com/vi/5jXMlwliDH0/hqdefault.jpg,available
"فنون العربية",https://www.youtube.com/@fonon_arabic,UC1Z2SVr3TMB7sPrJDw1D1_g,106,"ماذا نكتب داخل حرف الكاف ؟ #shorts",https://www.youtube.com/watch?v=teEE53IE7Ew,teEE53IE7Ew,2021-03-27T18:47:36Z,00:59,"34,031","شرح ماذا نكتب  أو نرسم داخل حرف الكاف ؟ 
ترسم كاف صغيرة وليست همزة 
لمتابعتنا في قناة التليجرام  بها الكثير من الاختبارات الإلكترونية من هنا : 
https://t.me/fonoonarabic
#فنون_العربية_محمد_حسين
#shorts",https://i.ytimg.com/vi/teEE53IE7Ew/hqdefault.jpg,available
"فنون العربية",https://www.youtube.com/@fonon_arabic,UC1Z2SVr3TMB7sPrJDw1D1_g,107,"كيف نفرق بين الضاد والظاء في النطق والكتابة بأسهل الطرق ؟",https://www.youtube.com/watch?v=7BmDoL27IOs,7BmDoL27IOs,2021-03-26T18:41:45Z,09:33,"189,360","نشرح في هذا المقطع كيف نفرق بين الضاد والظاء في النطق والكتابة بأسهل الطرق ؟ 
لعرض وطباعة الكلمات التي كتبت بحرف الظاء ومعانيها من هنا : 
https://www.fononarabic.com/2021/03/aldaadi.html
لمتابعتنا في قناة التليجرام  بها الكثير من الاختبارات الإلكترونية من هنا : 
https://t.me/fonoonarabic
#فنون_العربية_محمد_حسين",https://i.ytimg.com/vi/7BmDoL27IOs/hqdefault.jpg,available
"فنون العربية",https://www.youtube.com/@fonon_arabic,UC1Z2SVr3TMB7sPrJDw1D1_g,108,"الفرق بين البدل وعطف البيان ـ سلسلة تعلم الإعراب 51",https://www.youtube.com/watch?v=QHweS_y56Ts,QHweS_y56Ts,2021-03-13T09:00:06Z,11:33,"331,779","شرح الفرق بين البدل  الكل من كل وعطف البيان بالتفصيل .
لمزيد من الشرح وإعراب الأمثلة الموجودة بالمقطع من هنا :
https://www.fononarabic.com/2021/03/albadal%20waeatif%20albayan.html
لمتابعتنا في قناة التليجرام  بها الكثير من الاختبارات الإلكترونية من هنا : 
https://t.me/fonoonarabic
#فنون_العربية_محمد_حسين",https://i.ytimg.com/vi/QHweS_y56Ts/hqdefault.jpg,available
"فنون العربية",https://www.youtube.com/@fonon_arabic,UC1Z2SVr3TMB7sPrJDw1D1_g,109,"مثلث قطرب  بصوت رائع",https://www.youtube.com/watch?v=ihQULumuCdM,ihQULumuCdM,2021-02-22T15:37:44Z,08:31,"79,412","منظومة مثلث قطرب لمحبي اللغة العربية بصوت الشبل عمر محمد حسين . 
لتحميل المنظومة مكتوبة  وعرض كتاب شرح منظومة قطرب من هنا : 
https://www.fononarabic.com/2021/02/blog-post.html",https://i.ytimg.com/vi/ihQULumuCdM/hqdefault.jpg,available
"فنون العربية",https://www.youtube.com/@fonon_arabic,UC1Z2SVr3TMB7sPrJDw1D1_g,110,"الألف اللينة المتطرفة  في الحروف",https://www.youtube.com/watch?v=Y2cer5ShyTY,Y2cer5ShyTY,2021-02-22T08:40:38Z,02:45,"80,262","شرح تفصيلي لدرس الألف اللينة المتطرفة في الحروف  .
لمشاهدة شرح درس الألف اللينة المتطرفة في الأفعال الثلاثية وغير الثلاثية من هنا : 
https://youtu.be/v15KHJo_VQU
لمشاهدة شرح درس الألف اللينة المتطرفة في الأسماء الثلاثية وغير الثلاثية من هنا : 
https://youtu.be/UJvg_LzsYIk

#فنون_العربية_محمد_حسين",https://i.ytimg.com/vi/Y2cer5ShyTY/hqdefault.jpg,available
"فنون العربية",https://www.youtube.com/@fonon_arabic,UC1Z2SVr3TMB7sPrJDw1D1_g,111,"الألف اللينة المتطرفة في الأسماء",https://www.youtube.com/watch?v=UJvg_LzsYIk,UJvg_LzsYIk,2021-02-21T09:40:35Z,09:56,"418,175","شرح تفصيلي لدرس الألف اللينة المتطرفة في الأسماء الثلاثية وفوق الثلاثية .
لمشاهدة شرح درس الألف اللينة المتطرفة في الأفعال الثلاثية وغير الثلاثية من هنا : 
https://youtu.be/v15KHJo_VQU
لمشاهدة شرح درس الألف اللينة المتطرفة  في الحروف من هنا : 
https://youtu.be/Y2cer5ShyTY

#فنون_العربية_محمد_حسين",https://i.ytimg.com/vi/UJvg_LzsYIk/hqdefault.jpg,available
"فنون العربية",https://www.youtube.com/@fonon_arabic,UC1Z2SVr3TMB7sPrJDw1D1_g,112,"الألف اللينة المتطرفة في الأفعال الثلاثية وغير الثلاثية",https://www.youtube.com/watch?v=v15KHJo_VQU,v15KHJo_VQU,2021-02-20T09:16:22Z,09:23,"220,792","شرح تفصيلي لدرس الألف اللينة المتطرفة في الأفعال الثلاثية وفوق الثلاثية .
لمشاهدة شرح درس الألف اللينة المتطرفة في الأسماء الثلاثية وغير الثلاثية من هنا : 
https://youtu.be/UJvg_LzsYIk
لمشاهدة شرح درس الألف اللينة المتطرفة  في الحروف من هنا : 
https://youtu.be/Y2cer5ShyTY
#فنون_العربية_محمد_حسين",https://i.ytimg.com/vi/v15KHJo_VQU/hqdefault.jpg,available
"فنون العربية",https://www.youtube.com/@fonon_arabic,UC1Z2SVr3TMB7sPrJDw1D1_g,113,"اسم الآلة المشتق والجامد ـ سلسلة تعلم الإعراب 50",https://www.youtube.com/watch?v=OcJj7MoGbbg,OcJj7MoGbbg,2020-12-26T18:32:21Z,18:35,"79,605","شرح درس اسم الآلة المشتق والجامد وإعراب اسم الآلة  ـ سلسلة تعلم الإعراب 50
#فنون_العربية_محمد_حسين",https://i.ytimg.com/vi/OcJj7MoGbbg/hqdefault.jpg,available
"فنون العربية",https://www.youtube.com/@fonon_arabic,UC1Z2SVr3TMB7sPrJDw1D1_g,114,"كيف تعرب 2 ـ تعلم الإعراب من البداية ـ سلسلة تعلم الإعراب 49",https://www.youtube.com/watch?v=Dl04nnTyTPs,Dl04nnTyTPs,2020-12-12T07:21:03Z,22:46,"643,880","نتعلم كيف نعرب الكلمات  هذا الجزء الثاني 2 ـ تعلم الإعراب من البداية ـ سلسلة تعلم الإعراب 49
يمكنكم متابعة الجزء الأول من هنا :
https://www.youtube.com/watch?v=4EymsJxwf9I
يمكنكم متابعة قائمة التشغيل لتعلم النحو والإعراب من البداية من هنا :
https://www.youtube.com/playlist?list=PLrFRFRnrC6-U43IsG-wFjjZtwbDN06AVQ
#فنون_العربية_محمد_حسين",https://i.ytimg.com/vi/Dl04nnTyTPs/hqdefault.jpg,available
"فنون العربية",https://www.youtube.com/@fonon_arabic,UC1Z2SVr3TMB7sPrJDw1D1_g,115,"المفعول معه ــ سلسلة تعلم الإعراب 48",https://www.youtube.com/watch?v=u6UmSIrjTKI,u6UmSIrjTKI,2020-12-05T06:59:46Z,11:48,"365,541","المفعول معه بالتفصيل  ــ سلسلة تعلم الإعراب 48
درس المفعول فيه ( الظرف ) من هنا : https://youtu.be/VGyvRZN9O0w
درس المفعول لأجله من هنا : https://youtu.be/g35oINyuk0U
درس المفعول المطلق من هنا : https://youtu.be/qH450Om0Ul8
درس المفعول به من هنا : https://youtu.be/-sSadKciHjA
درس المفعول معه من هنا : https://youtu.be/u6UmSIrjTKI
#فنون_العربية_محمد_حسين",https://i.ytimg.com/vi/u6UmSIrjTKI/hqdefault.jpg,available
"فنون العربية",https://www.youtube.com/@fonon_arabic,UC1Z2SVr3TMB7sPrJDw1D1_g,116,"الاستثناء بـخلا وعدا وحاشا ــ  سلسلة تعلم الإعراب 47",https://www.youtube.com/watch?v=jvQseSYzyrQ,jvQseSYzyrQ,2020-12-01T07:16:28Z,05:26,"243,220","شرح درس أسلوب بالاستثناء بـخلا وعدا وحاشا 
شرح درس أسلوب الاستثناء بإلا من هنا :
https://youtu.be/_XnypvAbCXY
شرح درس أسلوب غير وسوى من هنا : 
https://youtu.be/JADDbP5MvUQ
#فنون_العربية_محمد_حسين",https://i.ytimg.com/vi/jvQseSYzyrQ/hqdefault.jpg,available
"فنون العربية",https://www.youtube.com/@fonon_arabic,UC1Z2SVr3TMB7sPrJDw1D1_g,117,"الاستثناء بغير وسوى بالتفصيل ـ سلسلة تعلم الإعراب 46",https://www.youtube.com/watch?v=JADDbP5MvUQ,JADDbP5MvUQ,2020-11-30T09:16:17Z,10:11,"301,299","شرح درس أسلوب الاستثناء بغير وسوى بالتفصيل .
شرح درس أسلوب الاستثناء بإلا من هنا :
https://youtu.be/_XnypvAbCXY
شرح أسلوب الاستثناء بخلا وعدا وحاشا من هنا : 
https://youtu.be/jvQseSYzyrQ
#فنون_العربية_محمد_حسين",https://i.ytimg.com/vi/JADDbP5MvUQ/hqdefault.jpg,available
"فنون العربية",https://www.youtube.com/@fonon_arabic,UC1Z2SVr3TMB7sPrJDw1D1_g,118,"الاستثناء بإلا بالتفصيل  ـ سلسلة تعلم الإعراب 45",https://www.youtube.com/watch?v=_XnypvAbCXY,_XnypvAbCXY,2020-11-29T15:05:04Z,12:40,"526,409","شرح أسلوب الاستثناء بإلا بالتفصيل و أركانه و حالاته .
شرح أسلوب الاستثناء بغير وسوى من هنا : 
https://youtu.be/JADDbP5MvUQ
شرح أسلوب الاستثناء بخلا وعدا وحاشا من هنا : 
https://youtu.be/jvQseSYzyrQ

#فنون_العربية_محمد_حسين",https://i.ytimg.com/vi/_XnypvAbCXY/hqdefault.jpg,available
"فنون العربية",https://www.youtube.com/@fonon_arabic,UC1Z2SVr3TMB7sPrJDw1D1_g,119,"الإعراب و البناء ـ سلسلة تعلم الإعراب 44",https://www.youtube.com/watch?v=z4_zvFk7na8,z4_zvFk7na8,2020-08-07T15:23:04Z,18:43,"150,229","شرح درس المعرب و المبني في الأسماء والأفعال و الحروف بالتفصيل 
لدخول لصفحة الاختبار و الدروس المرتبطة من هنا : 
https://www.fononarabic.com/2020/08/almaerab-walmabniu.html
للدخول للاختبار مباشرة من هنا ( اختبار عن الأسماء المبنية )
https://forms.gle/2x9pmac1BNCasxUYA
أسماء الإشارة 
https://youtu.be/eO0c3sBP6Zg
الضمائر المنفصلة ( المتكلم و المخاطب و الغائب ) مع الشرح بطريقة سهلة و بسيطة
https://youtu.be/aYnw3u2ChRI
الضمائر المتصلة و إعرابها بالتفصيل
https://youtu.be/cGxdW8XgiOs
الأسماء الموصولة كاملة المختصة و المشتركة
https://youtu.be/tPIEgfxmDr0
الحروف و علاماتها و أنواعها
https://youtu.be/5zVklJM2O7c
حروف الجر بطريقة رائعة مع علامات الإعراب
https://youtu.be/yJ60Yy-_FDg
إن و أخواتها ـ الحروف الناسخة
https://youtu.be/6exrOOT9chw
حروف العطف بالتفصيل بطريقة جميلة
https://youtu.be/5V-uGR2ZL4M
حالات بناء الفعل الماضي
https://youtu.be/eLHiHvHA_d8
بناء الأمر ــ حالات بناء فعل الأمر
https://youtu.be/wVn3zdD8AfQ
بناء المضارع ــ على السكون و الفتح
https://youtu.be/dmjRa2UrNVk
رفع الفعل المضارع ـ الصحيح و المعتل و الأفعال الخمسة
https://youtu.be/63dRKoaxLh4
نصب المضارع شرح بالتفصيل لجميع المراحل
https://youtu.be/OH8e6y1Elow
جزم الفعل المضارع ـ الصحيح و المعتل الآخر و الأفعال الخمسة
https://youtu.be/9CCiiFMsUyU
أسعد بانضمامكم  وشرف لي انتسابكم إلى قناة فنون العربية و تفعيل الانتساب اليوتيوب الجديدة 2020 ودعم صناع المحتوى
https://www.youtube.com/channel/UC1Z2SVr3TMB7sPrJDw1D1_g/join
يمكنكم المشاركة في ترجمة المقاطع عبر الرابط الآتي:
http://www.youtube.com/timedtext_cs_panel?c=UC1Z2SVr3TMB7sPrJDw1D1_g&tab=2
تابعونا على صفحة فنون العربية على الفيس بوك من هنا :
https://www.facebook.com/fonoonarabic
#فنون_العربية_محمد_حسين",https://i.ytimg.com/vi/z4_zvFk7na8/hqdefault.jpg,available
"فنون العربية",https://www.youtube.com/@fonon_arabic,UC1Z2SVr3TMB7sPrJDw1D1_g,120,"الممنوع من الصرف ـ سلسلة تعلم الإعراب43",https://www.youtube.com/watch?v=DsI2Bmsw3r8,DsI2Bmsw3r8,2020-07-23T12:28:40Z,24:32,"297,272","في هذا الدرس شرح بالتفصيل للمنوع من الصرف إذا أعجبكم المحتوى فأرجو مشاركته لتعم الفائدة وشكرا لكم .
 رابط الاختبار الإلكتروني للمنوع من الصرف من هنا : 
https://forms.gle/HiTBQ4wXM6XJSFxP7
أسعد بانضمامكم  وشرف لي انتسابكم إلى قناة فنون العربية و تفعيل الانتساب اليوتيوب الجديدة 2020 ودعم صناع المحتوى
https://www.youtube.com/channel/UC1Z2SVr3TMB7sPrJDw1D1_g/join
يمكنكم المشاركة في ترجمة المقاطع عبر الرابط الآتي:
http://www.youtube.com/timedtext_cs_panel?c=UC1Z2SVr3TMB7sPrJDw1D1_g&tab=2
تابعونا على صفحة فنون العربية على الفيس بوك من هنا :
https://www.facebook.com/fonoonarabic

#فنون_العربية_محمد_حسين",https://i.ytimg.com/vi/DsI2Bmsw3r8/hqdefault.jpg,available
"فنون العربية",https://www.youtube.com/@fonon_arabic,UC1Z2SVr3TMB7sPrJDw1D1_g,121,"كيف نكتب بخط جميل بالقلم العادي 2",https://www.youtube.com/watch?v=xyjzIQZHoiE,xyjzIQZHoiE,2020-07-15T13:49:07Z,23:51,"77,343","شاهد أيضا نصائح لتحسين الخط العربي 
https://youtu.be/7cuPq1HZkAQ
يمكنكم المشاركة في ترجمة المقاطع عبر الرابط الآتي:
http://www.youtube.com/timedtext_cs_panel?c=UC1Z2SVr3TMB7sPrJDw1D1_g&tab=2

شرح خاصية الانتساب إلى قنوات اليوتيوب الجديدة 2020 ودعم صناع المحتوى
https://www.youtube.com/channel/UC1Z2SVr3TMB7sPrJDw1D1_g/join
#فنون_العربية_محمد_حسين",https://i.ytimg.com/vi/xyjzIQZHoiE/hqdefault.jpg,available
"فنون العربية",https://www.youtube.com/@fonon_arabic,UC1Z2SVr3TMB7sPrJDw1D1_g,122,"إعراب سورة الكوثر ـ سلسلة تعلم الإعراب 42",https://www.youtube.com/watch?v=jnD1Z8QDg90,jnD1Z8QDg90,2020-07-12T13:00:10Z,09:43,"58,356","في هذا المقطع نطبق على الدروس النحوية من خلال إعراب سورة الكوثر بالتفصيل . 
الضمير المستتر ـ وجوبًا وجوازًا ـ سلسلة تعلم الإعراب 40
https://youtu.be/yV-UaopW4ew
تابع الضمائر المنفصلة من هنا : 
https://youtu.be/aYnw3u2ChRI
الضمائر المتصلة بالتفصيل و إعرابها بالتفصيل
https://youtu.be/cGxdW8XgiOs 
إعراب الضمائر المتصلة مع الاسم  من هنا : 
https://youtu.be/eCbCWzdE4iI
لمتابعة درس أسماء الإشارة : 
https://youtu.be/eO0c3sBP6Zg
أسعد بانضمامكم  وشرف لي انتسابكم إلى قناة فنون العربية و تفعيل الانتساب اليوتيوب الجديدة 2020 ودعم صناع المحتوى
https://www.youtube.com/channel/UC1Z2SVr3TMB7sPrJDw1D1_g/join
المضاف و المضاف إليه شرح بالتفصيل ـ سلسلة تعلم الإعراب 25.
https://youtu.be/vFBGO9pF3Ew
بناء الأمر ــ حالات بناء فعل الأمر ــ سلسلة تعلم الإعراب 23.mp4
https://youtu.be/wVn3zdD8AfQ
حالات بناء الفعل المضارع مع إعراب الأمثلةبالتفصيل من هنا :
https://youtu.be/dmjRa2UrNVk 
لمتابعة شرح أدوات الجزم التي تجزم فعلا واحدا و علامات الجزم و الفرق بين لا الناهية و لا النافية .
https://youtu.be/9CCiiFMsUyU
لمتابعة نصب الفعل  المضارع بالتفصيل لجميع المراحل ـ سلسلة تعلم الإعراب 20
https://youtu.be/OH8e6y1Elow
لمتابعة رفع الفعل المضارع ـ الصحيح و المعتل و الأفعال الخمسة ـ سلسلة تعلم الإعراب 19 من هنا : 
https://www.youtube.com/watch?v=63dRKoaxLh4
حالات بناء الفعل الماضي ـ سسلسلة تعلم الإعراب 18
https://www.youtube.com/watch?v=eLHiHvHA_d8&t=3s
يمكنكم دعم القناة لاستمرار المحتوى على paypal من خلال الرابط التالي :
https://paypal.me/mamado77777?locale.x=ar_EG
#فنون_العربية_محمد_حسين",https://i.ytimg.com/vi/jnD1Z8QDg90/hqdefault.jpg,available
"فنون العربية",https://www.youtube.com/@fonon_arabic,UC1Z2SVr3TMB7sPrJDw1D1_g,123,"النداء ـ المنادى وأنواعه بالتفصيل ـ سلسلة تعلم الإعراب 41",https://www.youtube.com/watch?v=f-eVNtdqSFg,f-eVNtdqSFg,2020-07-05T13:58:19Z,17:49,"435,581","أسعد بانضمامكم  وشرف لي انتسابكم إلى قناة فنون العربية و تفعيل الانتساب اليوتيوب الجديدة 2020 ودعم صناع المحتوى
https://www.youtube.com/channel/UC1Z2SVr3TMB7sPrJDw1D1_g/join
يمكنكم المشاركة في ترجمة المقاطع عبر الرابط الآتي:
http://www.youtube.com/timedtext_cs_panel?c=UC1Z2SVr3TMB7sPrJDw1D1_g&tab=2
لمتابعة درس أسماء الإشارة : 
https://youtu.be/eO0c3sBP6Zg
شرح درس الأعداد من واحد إلى عشرة بالتفصيل 
https://youtu.be/x8DzMFSo5Ug
لمتابعة درس التوكيد اللفظي و المعنوي ــ سلسلة تعلم الإعراب 36.mp4
https://youtu.be/PJJ4dXlYuxw 
أنواع النعت (الصفة) سلسلة تعلم الإعراب 33.mp4
https://youtu.be/QbPnbwIyRsQ
أنواع الخبر شرح بالتفصيل ـ سلسلة تعلم الإعراب 14.mp4
https://youtu.be/5sLnAlW74vQ
الفرق بين النعت الحقيقي و النعت السببي ـ سلسة تعلم الإعراب 34.mp4
https://youtu.be/Cu6xb3CgW8U
الفرق بين الصفة و الحال ـ سلسلة تعلم الإعراب 31.
https://youtu.be/YIPVugqseKY
علامات الإعراب  الأصلية : ( الضمة ـ الفتحة ـ الكسرة ) سلسلة تعلم الإعراب 5
https://youtu.be/_GpJcCQl79w
علامات الإعراب الفرعية شرح بالتفصيل ـ سلسلة تعلم الإعراب 6
https://youtu.be/FUGuenhyaZ4
الفاعل و علامات إعرابه و أنواعه ـ سلسلة تعلم الإعراب 9
https://youtu.be/GeoiDO3Y6ls
المفعول به و علامات إعرابه و أنواعه ـ سلسلة تعلم الإعراب 10
https://youtu.be/-sSadKciHjA
يمكنكم دعم القناة لاستمرار المحتوى على paypal من خلال الرابط التالي :
https://paypal.me/mamado77777?locale.x=ar_EG
#فنون_العربية_محمد_حسين",https://i.ytimg.com/vi/f-eVNtdqSFg/hqdefault.jpg,available
"فنون العربية",https://www.youtube.com/@fonon_arabic,UC1Z2SVr3TMB7sPrJDw1D1_g,124,"الضمير المستتر ـ وجوبًا وجوازًا ـ سلسلة تعلم الإعراب 40",https://www.youtube.com/watch?v=yV-UaopW4ew,yV-UaopW4ew,2020-07-01T10:11:51Z,07:53,"344,790","يمكنكم المشاركة في ترجمة المقاطع عبر الرابط الآتي:
http://www.youtube.com/timedtext_cs_panel?c=UC1Z2SVr3TMB7sPrJDw1D1_g&tab=2
تابع الضمائر المنفصلة من هنا : 
https://youtu.be/aYnw3u2ChRI
الضمائر المتصلة بالتفصيل و إعرابها بالتفصيل
https://youtu.be/cGxdW8XgiOs 
إعراب الضمائر المتصلة مع الاسم  من هنا : 
https://youtu.be/eCbCWzdE4iI
لمتابعة درس أسماء الإشارة : 
https://youtu.be/eO0c3sBP6Zg
أسعد بانضمامكم  وشرف لي انتسابكم إلى قناة فنون العربية و تفعيل الانتساب اليوتيوب الجديدة 2020 ودعم صناع المحتوى
https://www.youtube.com/channel/UC1Z2SVr3TMB7sPrJDw1D1_g/join
يمكنكم دعم القناة لاستمرار المحتوى على paypal من خلال الرابط التالي :
https://paypal.me/mamado77777?locale.x=ar_EG
#فنون_العربية_محمد_حسين",https://i.ytimg.com/vi/yV-UaopW4ew/hqdefault.jpg,available
"فنون العربية",https://www.youtube.com/@fonon_arabic,UC1Z2SVr3TMB7sPrJDw1D1_g,125,"التمييز بأنواعه بطريقة رائعة  ــ سلسلة تعلم الإعراب 39",https://www.youtube.com/watch?v=Z3VulRoUu1I,Z3VulRoUu1I,2020-06-28T15:55:54Z,18:41,"618,246","في هذا الدرس شرح التمييز و أنواعه  : ( الذات ــ  والنسبة) أو ( المفردــ  والجملة  )  أو ( الملفوظ ــ  و الملحوظ) 
إعرابات الجمل الواردة في الدرس بالتفصيل من هنا :
https://www.fononarabic.com/2020/06/discrimination-altamyiz.html
أسعد بانضمامكم  وشرف لي انتسابكم إلى قناة فنون العربية و تفعيل الانتساب اليوتيوب الجديدة 2020 ودعم صناع المحتوى
https://www.youtube.com/channel/UC1Z2SVr3TMB7sPrJDw1D1_g/join
لمتابعة درس أسماء الإشارة : 
https://youtu.be/eO0c3sBP6Zg
شرح درس الأعداد من واحد إلى عشرة بالتفصيل 
https://youtu.be/x8DzMFSo5Ug
لمتابعة درس التوكيد اللفظي و المعنوي ــ سلسلة تعلم الإعراب 36.mp4
https://youtu.be/PJJ4dXlYuxw 
أنواع النعت (الصفة) سلسلة تعلم الإعراب 33.mp4
https://youtu.be/QbPnbwIyRsQ
أنواع الخبر شرح بالتفصيل ـ سلسلة تعلم الإعراب 14.mp4
https://youtu.be/5sLnAlW74vQ
الفرق بين النعت الحقيقي و النعت السببي ـ سلسة تعلم الإعراب 34.mp4
https://youtu.be/Cu6xb3CgW8U
الفرق بين الصفة و الحال ـ سلسلة تعلم الإعراب 31.
https://youtu.be/YIPVugqseKY
علامات الإعراب  الأصلية : ( الضمة ـ الفتحة ـ الكسرة ) سلسلة تعلم الإعراب 5
https://youtu.be/_GpJcCQl79w
علامات الإعراب الفرعية شرح بالتفصيل ـ سلسلة تعلم الإعراب 6
https://youtu.be/FUGuenhyaZ4
الفاعل و علامات إعرابه و أنواعه ـ سلسلة تعلم الإعراب 9
https://youtu.be/GeoiDO3Y6ls
المفعول به و علامات إعرابه و أنواعه ـ سلسلة تعلم الإعراب 10
https://youtu.be/-sSadKciHjA
يمكنكم دعم القناة لاستمرار المحتوى على paypal من خلال الرابط التالي :
https://paypal.me/mamado77777?locale.x=ar_EG
#فنون_العربية_محمد_حسين",https://i.ytimg.com/vi/Z3VulRoUu1I/hqdefault.jpg,available
"فنون العربية",https://www.youtube.com/@fonon_arabic,UC1Z2SVr3TMB7sPrJDw1D1_g,126,"الفرق  بين لا الناهية ولا النافية بطريقة سهلة ـ سلسلة تعلم الإعراب 38",https://www.youtube.com/watch?v=h3LSl6S05hs,h3LSl6S05hs,2020-06-23T16:08:13Z,05:23,"1,133,527","في هذا الدرس شرح الفرق بين لا الناهية ولا النافية بالتفصيل .  
أسعد بانضمامكم  وشرف لي انتسابكم إلى قناة فنون العربية و تفعيل الانتساب  ودعم صناع المحتوى
لمتابعة شرح أدوات الجزم التي تجزم فعلا واحدا و علامات الجزم و الفرق بين لا الناهية و لا النافية .
https://youtu.be/9CCiiFMsUyU
لمتابعة نصب الفعل  المضارع بالتفصيل لجميع المراحل ـ سلسلة تعلم الإعراب 20
https://youtu.be/OH8e6y1Elow
لمتابعة رفع الفعل المضارع ـ الصحيح و المعتل و الأفعال الخمسة ـ سلسلة تعلم الإعراب 19 من هنا : 
https://www.youtube.com/watch?v=63dRKoaxLh4
حالات بناء الفعل الماضي ـ سسلسلة تعلم الإعراب 18
https://www.youtube.com/watch?v=eLHiHvHA_d8&t=3s
الضمائر المتصلة بالتفصيل و إعرابها بالتفصيل 
https://www.youtube.com/watch?v=cGxdW8XgiOs&t=4s
تابع الضمائر المنفصلة من هنا : 
https://www.youtube.com/watch?v=aYnw3u2ChRI&t=2s
إعراب الضمائر المتصلة مع الاسم  من هنا : 
https://www.youtube.com/watch?v=eCbCWzdE4iI&t=61s
أنواع الفعل ( الماضي و المضارع و الأمر ) و علامات كل نوع شرح بالتفصيل ــ سلسلة تعلم الإعراب 2
https://www.youtube.com/watch?v=z-ciHbclUXI
يمكنكم دعم القناة لاستمرار المحتوى على paypal من خلال الرابط التالي :
https://paypal.me/mamado77777?locale.x=ar_EG
#فنون_العربية_محمد_حسين",https://i.ytimg.com/vi/h3LSl6S05hs/hqdefault.jpg,available
"فنون العربية",https://www.youtube.com/@fonon_arabic,UC1Z2SVr3TMB7sPrJDw1D1_g,127,"البدل و أقسامه بطريقة جميلة  ــ سلسلة تعلم الإعراب 37",https://www.youtube.com/watch?v=1Qg0zSoIFLg,1Qg0zSoIFLg,2020-06-20T12:07:59Z,18:56,"1,107,060","في هذا الدرس شرح البدل و أقسامه : ( كل من كل ــ  بعض من كل ــ اشتمال ) 
لمتابعة درس أسماء الإشارة : 
https://youtu.be/eO0c3sBP6Zg
لمتابعة درس التوكيد اللفظي و المعنوي ــ سلسلة تعلم الإعراب 36.mp4
https://youtu.be/PJJ4dXlYuxw 

أسعد بانضمامكم  وشرف لي انتسابكم إلى قناة فنون العربية و تفعيل الانتساب اليوتيوب الجديدة 2020 ودعم صناع المحتوى
https://www.youtube.com/channel/UC1Z2SVr3TMB7sPrJDw1D1_g/join
أنواع النعت (الصفة) سلسلة تعلم الإعراب 33.mp4
https://youtu.be/QbPnbwIyRsQ
أنواع الخبر شرح بالتفصيل ـ سلسلة تعلم الإعراب 14.mp4
https://youtu.be/5sLnAlW74vQ
الفرق بين النعت الحقيقي و النعت السببي ـ سلسة تعلم الإعراب 34.mp4
https://youtu.be/Cu6xb3CgW8U
الفرق بين الصفة و الحال ـ سلسلة تعلم الإعراب 31.
https://youtu.be/YIPVugqseKY
علامات الإعراب  الأصلية : ( الضمة ـ الفتحة ـ الكسرة ) سلسلة تعلم الإعراب 5
https://youtu.be/_GpJcCQl79w
علامات الإعراب الفرعية شرح بالتفصيل ـ سلسلة تعلم الإعراب 6
https://youtu.be/FUGuenhyaZ4
الفاعل و علامات إعرابه و أنواعه ـ سلسلة تعلم الإعراب 9
https://youtu.be/GeoiDO3Y6ls
المفعول به و علامات إعرابه و أنواعه ـ سلسلة تعلم الإعراب 10
https://youtu.be/-sSadKciHjA
يمكنكم دعم القناة لاستمرار المحتوى على paypal من خلال الرابط التالي :
https://paypal.me/mamado77777?locale.x=ar_EG
#فنون_العربية_محمد_حسين",https://i.ytimg.com/vi/1Qg0zSoIFLg/hqdefault.jpg,available
"فنون العربية",https://www.youtube.com/@fonon_arabic,UC1Z2SVr3TMB7sPrJDw1D1_g,128,"التوكيد اللفظي و المعنوي ــ سلسلة تعلم الإعراب 36",https://www.youtube.com/watch?v=PJJ4dXlYuxw,PJJ4dXlYuxw,2020-06-13T14:31:44Z,16:36,"753,295","إعراب الجمل الواردة عن التوكيد في المقطع بالتفصيل من هنا :
https://www.fononarabic.com/2020/06/emphasis-altawkid-arabic-language.html 
أسعد بانضمامكم  وشرف لي انتسابكم إلى قناة فنون العربية و تفعيل الانتساب اليوتيوب الجديدة 2020 ودعم صناع المحتوى
https://www.youtube.com/channel/UC1Z2SVr3TMB7sPrJDw1D1_g/join
أنواع النعت (الصفة) سلسلة تعلم الإعراب 33.mp4
https://youtu.be/QbPnbwIyRsQ
أنواع الخبر شرح بالتفصيل ـ سلسلة تعلم الإعراب 14.mp4
https://youtu.be/5sLnAlW74vQ
الفرق بين النعت الحقيقي و النعت السببي ـ سلسة تعلم الإعراب 34.mp4
https://youtu.be/Cu6xb3CgW8U
الفرق بين الصفة و الحال ـ سلسلة تعلم الإعراب 31.
https://youtu.be/YIPVugqseKY
علامات الإعراب  الأصلية : ( الضمة ـ الفتحة ـ الكسرة ) سلسلة تعلم الإعراب 5
https://youtu.be/_GpJcCQl79w
علامات الإعراب الفرعية شرح بالتفصيل ـ سلسلة تعلم الإعراب 6
https://youtu.be/FUGuenhyaZ4
الفاعل و علامات إعرابه و أنواعه ـ سلسلة تعلم الإعراب 9
https://youtu.be/GeoiDO3Y6ls
المفعول به و علامات إعرابه و أنواعه ـ سلسلة تعلم الإعراب 10
https://youtu.be/-sSadKciHjA
يمكنكم دعم القناة لاستمرار المحتوى على paypal من خلال الرابط التالي :
https://paypal.me/mamado77777?locale.x=ar_EG
#فنون_العربية_محمد_حسين",https://i.ytimg.com/vi/PJJ4dXlYuxw/hqdefault.jpg,available
"فنون العربية",https://www.youtube.com/@fonon_arabic,UC1Z2SVr3TMB7sPrJDw1D1_g,129,"العطف بالتفصيل بطريقة جميلة ـ سلسلة تعلم الإعراب 35",https://www.youtube.com/watch?v=5V-uGR2ZL4M,5V-uGR2ZL4M,2020-06-06T13:51:19Z,15:40,"897,712","في هذا نشرح درس العطف بالتسلسل حسب المرحلة العمرية كي يناسب جميع الطلاب بالتفصيل .
أسعد بانضمامكم  وشرف لي انتسابكم إلى قناة فنون العربية و تفعيل الانتساب اليوتيوب الجديدة 2020 ودعم صناع المحتوى
https://www.youtube.com/channel/UC1Z2SVr3TMB7sPrJDw1D1_g/join
أنواع النعت (الصفة) سلسلة تعلم الإعراب 33.mp4
https://youtu.be/QbPnbwIyRsQ
الفرق بين النعت الحقيقي و النعت السببي ـ سلسة تعلم الإعراب 34.mp4
https://youtu.be/Cu6xb3CgW8U
الفرق بين الصفة و الحال ـ سلسلة تعلم الإعراب 31.
https://youtu.be/YIPVugqseKY
علامات الإعراب  الأصلية : ( الضمة ـ الفتحة ـ الكسرة ) سلسلة تعلم الإعراب 5
https://youtu.be/_GpJcCQl79w
علامات الإعراب الفرعية شرح بالتفصيل ـ سلسلة تعلم الإعراب 6
https://youtu.be/FUGuenhyaZ4
الفاعل و علامات إعرابه و أنواعه ـ سلسلة تعلم الإعراب 9
https://youtu.be/GeoiDO3Y6ls
المفعول به و علامات إعرابه و أنواعه ـ سلسلة تعلم الإعراب 10
https://youtu.be/-sSadKciHjA
يمكنكم دعم القناة لاستمرار المحتوى على paypal من خلال الرابط التالي :
https://paypal.me/mamado77777?locale.x=ar_EG
#فنون_العربية_محمد_حسين",https://i.ytimg.com/vi/5V-uGR2ZL4M/hqdefault.jpg,available
"فنون العربية",https://www.youtube.com/@fonon_arabic,UC1Z2SVr3TMB7sPrJDw1D1_g,130,"شكرًا لمتابعي فنون العربية على درع 100 ألف مشترك",https://www.youtube.com/watch?v=XEnHoyn7lwI,XEnHoyn7lwI,2020-05-31T17:51:19Z,03:21,"5,952","شكرًا لمتابعي فنون العربية على درع 100 ألف مشترك
أسعد بانضمامكم  وشرف لي انتسابكم إلى قناة فنون العربية و تفعيل الانتساب اليوتيوب الجديدة 2020 ودعم صناع المحتوى
https://www.youtube.com/channel/UC1Z2SVr3TMB7sPrJDw1D1_g/join
النعت (الصفة ) الحقيقي ـ سلسلة تعلم الإعراب 32.
https://youtu.be/miXr0AI-qBc
أنواع النعت (الصفة)  المفرد و الجملة و شبه الجملة ــ سلسلة تعلم الإعراب 33.
https://youtu.be/QbPnbwIyRsQ
الفرق بين الصفة و الحال ـ سلسلة تعلم الإعراب 31.
https://youtu.be/YIPVugqseKY
أنواع الخبر شرح بالتفصيل ـ سلسلة تعلم الإعراب 14.
https://youtu.be/5sLnAlW74vQ
علامات الإعراب  الأصلية : ( الضمة ـ الفتحة ـ الكسرة ) سلسلة تعلم الإعراب 5
https://youtu.be/_GpJcCQl79w
علامات الإعراب الفرعية شرح بالتفصيل ـ سلسلة تعلم الإعراب 6
https://youtu.be/FUGuenhyaZ4
الفاعل و علامات إعرابه و أنواعه ـ سلسلة تعلم الإعراب 9
https://youtu.be/GeoiDO3Y6ls
المفعول به و علامات إعرابه و أنواعه ـ سلسلة تعلم الإعراب 10
https://youtu.be/-sSadKciHjA
يمكنكم دعم القناة لاستمرار المحتوى على paypal من خلال الرابط التالي :
https://paypal.me/mamado77777?locale.x=ar_EG
#فنون_العربية_محمد_حسين",https://i.ytimg.com/vi/XEnHoyn7lwI/hqdefault.jpg,available
"فنون العربية",https://www.youtube.com/@fonon_arabic,UC1Z2SVr3TMB7sPrJDw1D1_g,131,"الفرق بين النعت الحقيقي و النعت السببي ـ سلسة تعلم الإعراب 34",https://www.youtube.com/watch?v=Cu6xb3CgW8U,Cu6xb3CgW8U,2020-05-31T11:29:46Z,11:29,"627,420","في هذا الدرس نشرح الفرق بين النعت الحقيقي و النعت السببي .
أسعد بانضمامكم  وشرف لي انتسابكم إلى قناة فنون العربية و تفعيل الانتساب اليوتيوب الجديدة 2020 ودعم صناع المحتوى
https://www.youtube.com/channel/UC1Z2SVr3TMB7sPrJDw1D1_g/join
النعت (الصفة ) الحقيقي ـ سلسلة تعلم الإعراب 32.
https://youtu.be/miXr0AI-qBc
أنواع النعت (الصفة)  المفرد و الجملة و شبه الجملة ــ سلسلة تعلم الإعراب 33.
https://youtu.be/QbPnbwIyRsQ
الفرق بين الصفة و الحال ـ سلسلة تعلم الإعراب 31.
https://youtu.be/YIPVugqseKY
أنواع الخبر شرح بالتفصيل ـ سلسلة تعلم الإعراب 14.
https://youtu.be/5sLnAlW74vQ
علامات الإعراب  الأصلية : ( الضمة ـ الفتحة ـ الكسرة ) سلسلة تعلم الإعراب 5
https://youtu.be/_GpJcCQl79w
علامات الإعراب الفرعية شرح بالتفصيل ـ سلسلة تعلم الإعراب 6
https://youtu.be/FUGuenhyaZ4
الفاعل و علامات إعرابه و أنواعه ـ سلسلة تعلم الإعراب 9
https://youtu.be/GeoiDO3Y6ls
المفعول به و علامات إعرابه و أنواعه ـ سلسلة تعلم الإعراب 10
https://youtu.be/-sSadKciHjA
يمكنكم دعم القناة لاستمرار المحتوى على paypal من خلال الرابط التالي :
https://paypal.me/mamado77777?locale.x=ar_EG
#فنون_العربية_محمد_حسين",https://i.ytimg.com/vi/Cu6xb3CgW8U/hqdefault.jpg,available
"فنون العربية",https://www.youtube.com/@fonon_arabic,UC1Z2SVr3TMB7sPrJDw1D1_g,132,"أنواع النعت (الصفة ) سلسلة تعلم الإعراب 33",https://www.youtube.com/watch?v=QbPnbwIyRsQ,QbPnbwIyRsQ,2020-05-29T12:25:49Z,11:36,"256,160","في هذا الدرس نشرح أنواع النعت من حيث اللفظ و هي المفرد و الجملة و شبه الجملة .
أسعد بانضمامكم  وشرف لي انتسابكم إلى قناة فنون العربية و تفعيل الانتساب اليوتيوب الجديدة 2020 ودعم صناع المحتوى
https://www.youtube.com/channel/UC1Z2SVr3TMB7sPrJDw1D1_g/join
النعت (الصفة ) الحقيقي ـ سلسلة تعلم الإعراب 32.
https://youtu.be/miXr0AI-qBc
الفرق بين النعت الحقيقي و النعت السببي ـ سلسة تعلم الإعراب 34.mp4
https://youtu.be/Cu6xb3CgW8U
الفرق بين الصفة و الحال ـ سلسلة تعلم الإعراب 31.
https://youtu.be/YIPVugqseKY
أنواع الخبر شرح بالتفصيل ـ سلسلة تعلم الإعراب 14.
https://youtu.be/5sLnAlW74vQ
علامات الإعراب  الأصلية : ( الضمة ـ الفتحة ـ الكسرة ) سلسلة تعلم الإعراب 5
https://youtu.be/_GpJcCQl79w
علامات الإعراب الفرعية شرح بالتفصيل ـ سلسلة تعلم الإعراب 6
https://youtu.be/FUGuenhyaZ4
الفاعل و علامات إعرابه و أنواعه ـ سلسلة تعلم الإعراب 9
https://youtu.be/GeoiDO3Y6ls
المفعول به و علامات إعرابه و أنواعه ـ سلسلة تعلم الإعراب 10
https://youtu.be/-sSadKciHjA
يمكنكم دعم القناة لاستمرار المحتوى على paypal من خلال الرابط التالي :
https://paypal.me/mamado77777?locale.x=ar_EG
#فنون_العربية_محمد_حسين",https://i.ytimg.com/vi/QbPnbwIyRsQ/hqdefault.jpg,available
"فنون العربية",https://www.youtube.com/@fonon_arabic,UC1Z2SVr3TMB7sPrJDw1D1_g,133,"النعت ( الصفة )  الحقيقي ـ سلسلة تعلم الإعراب 32",https://www.youtube.com/watch?v=miXr0AI-qBc,miXr0AI-qBc,2020-05-27T13:49:00Z,14:59,"222,807","أسعد بانضمامكم  وشرف لي انتسابكم إلى قناة فنون العربية و تفعيل الانتساب اليوتيوب الجديدة 2020 ودعم صناع المحتوى
https://www.youtube.com/channel/UC1Z2SVr3TMB7sPrJDw1D1_g/join
أنواع النعت (الصفة) سلسلة تعلم الإعراب 33.mp4
https://youtu.be/QbPnbwIyRsQ
الفرق بين النعت الحقيقي و النعت السببي ـ سلسة تعلم الإعراب 34.mp4
https://youtu.be/Cu6xb3CgW8U
الفرق بين الصفة و الحال ـ سلسلة تعلم الإعراب 31.
https://youtu.be/YIPVugqseKY
علامات الإعراب  الأصلية : ( الضمة ـ الفتحة ـ الكسرة ) سلسلة تعلم الإعراب 5
https://youtu.be/_GpJcCQl79w
علامات الإعراب الفرعية شرح بالتفصيل ـ سلسلة تعلم الإعراب 6
https://youtu.be/FUGuenhyaZ4
الفاعل و علامات إعرابه و أنواعه ـ سلسلة تعلم الإعراب 9
https://youtu.be/GeoiDO3Y6ls
المفعول به و علامات إعرابه و أنواعه ـ سلسلة تعلم الإعراب 10
https://youtu.be/-sSadKciHjA
يمكنكم دعم القناة لاستمرار المحتوى على paypal من خلال الرابط التالي :
https://paypal.me/mamado77777?locale.x=ar_EG
#فنون_العربية_محمد_حسين",https://i.ytimg.com/vi/miXr0AI-qBc/hqdefault.jpg,available
"فنون العربية",https://www.youtube.com/@fonon_arabic,UC1Z2SVr3TMB7sPrJDw1D1_g,134,"الفرق بين الصفة و الحال ـ سلسلة تعلم الإعراب 31",https://www.youtube.com/watch?v=YIPVugqseKY,YIPVugqseKY,2020-05-12T20:47:40Z,10:39,"630,588","شرح درس الحال المفردة و صاحب الحال و أنواعه و علامات نصب الحال 
https://youtu.be/7JxHhdJGMYE
 أسعد بانضمامكم  وشرف لي انتسابكم إلى قناة فنون العربية و تفعيل الانتساب اليوتيوب الجديدة 2020 ودعم صناع المحتوى
https://www.youtube.com/channel/UC1Z2SVr3TMB7sPrJDw1D1_g/join
علامات الإعراب  الأصلية : ( الضمة ـ الفتحة ـ الكسرة ) سلسلة تعلم الإعراب 5
https://youtu.be/_GpJcCQl79w
علامات الإعراب الفرعية شرح بالتفصيل ـ سلسلة تعلم الإعراب 6
https://youtu.be/FUGuenhyaZ4
الفاعل و علامات إعرابه و أنواعه ـ سلسلة تعلم الإعراب 9
https://youtu.be/GeoiDO3Y6ls
المفعول به و علامات إعرابه و أنواعه ـ سلسلة تعلم الإعراب 10
https://youtu.be/-sSadKciHjA
يمكنكم دعم القناة لاستمرار المحتوى على paypal من خلال الرابط التالي :
https://paypal.me/mamado77777?locale.x=ar_EG
#فنون_العربية_محمد_حسين",https://i.ytimg.com/vi/YIPVugqseKY/hqdefault.jpg,available
"فنون العربية",https://www.youtube.com/@fonon_arabic,UC1Z2SVr3TMB7sPrJDw1D1_g,135,"أنواع الحال ـ المفردة و الجملة و شبه الجملة ـ سلسلة تعلم الإعراب 30",https://www.youtube.com/watch?v=GrgelRMH-gU,GrgelRMH-gU,2020-05-10T09:00:13Z,16:50,"823,277","شرح درس الحال المفردة و صاحب الحال و أنواعه و علامات نصب الحال 
https://youtu.be/7JxHhdJGMYE
 أسعد بانضمامكم  وشرف لي انتسابكم إلى قناة فنون العربية و تفعيل الانتساب اليوتيوب الجديدة 2020 ودعم صناع المحتوى
https://www.youtube.com/channel/UC1Z2SVr3TMB7sPrJDw1D1_g/join
علامات الإعراب  الأصلية : ( الضمة ـ الفتحة ـ الكسرة ) سلسلة تعلم الإعراب 5
https://youtu.be/_GpJcCQl79w
علامات الإعراب الفرعية شرح بالتفصيل ـ سلسلة تعلم الإعراب 6
https://youtu.be/FUGuenhyaZ4
الفاعل و علامات إعرابه و أنواعه ـ سلسلة تعلم الإعراب 9
https://youtu.be/GeoiDO3Y6ls
المفعول به و علامات إعرابه و أنواعه ـ سلسلة تعلم الإعراب 10
https://youtu.be/-sSadKciHjA
يمكنكم دعم القناة لاستمرار المحتوى على paypal من خلال الرابط التالي :
https://paypal.me/mamado77777?locale.x=ar_EG
#فنون_العربية_محمد_حسين",https://i.ytimg.com/vi/GrgelRMH-gU/hqdefault.jpg,available
"فنون العربية",https://www.youtube.com/@fonon_arabic,UC1Z2SVr3TMB7sPrJDw1D1_g,136,"الحال ــ وصاحب الحال ـ سلسلة تعلم الإعراب 29",https://www.youtube.com/watch?v=7JxHhdJGMYE,7JxHhdJGMYE,2020-05-09T11:31:55Z,10:56,"538,035","شرح درس الحال المفردة و صاحب الحال و أنواعه و علامات نصب الحال 
تكملة الجزء الثاني من الدرس أنواع الحال من هنا : 
https://youtu.be/GrgelRMH-gU
 أسعدؤبانضمامكم  وشرف لي انتسابكم إلى قناة فنون العربية و تفعيل الانتساب اليوتيوب الجديدة 2020 ودعم صناع المحتوى
https://www.youtube.com/channel/UC1Z2SVr3TMB7sPrJDw1D1_g/join
علامات الإعراب  الأصلية : ( الضمة ـ الفتحة ـ الكسرة ) سلسلة تعلم الإعراب 5
https://youtu.be/_GpJcCQl79w
علامات الإعراب الفرعية شرح بالتفصيل ـ سلسلة تعلم الإعراب 6
https://youtu.be/FUGuenhyaZ4
الفاعل و علامات إعرابه و أنواعه ـ سلسلة تعلم الإعراب 9
https://youtu.be/GeoiDO3Y6ls
المفعول به و علامات إعرابه و أنواعه ـ سلسلة تعلم الإعراب 10
https://youtu.be/-sSadKciHjA
يمكنكم دعم القناة لاستمرار المحتوى على paypal من خلال الرابط التالي :
https://paypal.me/mamado77777?locale.x=ar_EG
#فنون_العربية_محمد_حسين",https://i.ytimg.com/vi/7JxHhdJGMYE/hqdefault.jpg,available
"فنون العربية",https://www.youtube.com/@fonon_arabic,UC1Z2SVr3TMB7sPrJDw1D1_g,137,"شرح خاصية الانتساب إلى قنوات اليوتيوب الجديدة 2020",https://www.youtube.com/watch?v=3oCsWOSxZ84,3oCsWOSxZ84,2020-04-28T17:53:14Z,03:48,"14,204","شرح خاصية الانتساب إلى قنوات اليوتيوب الجديدة 2020 ودعم صناع المحتوى
https://www.youtube.com/channel/UC1Z2SVr3TMB7sPrJDw1D1_g/join
#فنون_العربية_محمد_حسين",https://i.ytimg.com/vi/3oCsWOSxZ84/hqdefault.jpg,available
"فنون العربية",https://www.youtube.com/@fonon_arabic,UC1Z2SVr3TMB7sPrJDw1D1_g,138,"الفعل المبني للمجهول و نائب الفاعل ـ سلسلة تعلم الإعراب 28",https://www.youtube.com/watch?v=2tLJA0MfiJA,2tLJA0MfiJA,2020-04-28T11:20:44Z,20:29,"503,292","شرح درس الفعل المبني للمجهول و المبني للمعلوم و نائب الفاعل ـ سلسلة تعلم الإعراب 28
علامات الإعراب  الأصلية : ( الضمة ـ الفتحة ـ الكسرة ) سلسلة تعلم الإعراب 5
https://youtu.be/_GpJcCQl79w
علامات الإعراب الفرعية شرح بالتفصيل ـ سلسلة تعلم الإعراب 6
https://youtu.be/FUGuenhyaZ4
الفاعل و علامات إعرابه و أنواعه ـ سلسلة تعلم الإعراب 9
https://youtu.be/GeoiDO3Y6ls
المفعول به و علامات إعرابه و أنواعه ـ سلسلة تعلم الإعراب 10
https://youtu.be/-sSadKciHjA
يمكنكم دعم القناة لاستمرار المحتوى على paypal من خلال الرابط التالي :
https://paypal.me/mamado77777?locale.x=ar_EG
#فنون_العربية_محمد_حسين",https://i.ytimg.com/vi/2tLJA0MfiJA/hqdefault.jpg,available
"فنون العربية",https://www.youtube.com/@fonon_arabic,UC1Z2SVr3TMB7sPrJDw1D1_g,139,"إن و أخواتها ـ الحروف الناسخة ـ سلسلة تعلم الإعراب 27",https://www.youtube.com/watch?v=6exrOOT9chw,6exrOOT9chw,2020-04-21T06:57:10Z,14:26,"872,584","شرح درس بالتفصيل إن و أخواتها ـ الحروف الناسخة ـ سلسلة تعلم الإعراب 27
لمشاهدة درس كان ة أخواتها من هنا : 
https://youtu.be/ARmVdKlDwxA
أنواع الخبر شرح بالتفصيل ـ سلسلة تعلم الإعراب 14
https://youtu.be/5sLnAlW74vQ
علامات الإعراب  الأصلية : ( الضمة ـ الفتحة ـ الكسرة ) سلسلة تعلم الإعراب 5
https://youtu.be/_GpJcCQl79w
علامات الإعراب الفرعية شرح بالتفصيل ـ سلسلة تعلم الإعراب 6
https://youtu.be/FUGuenhyaZ4
يمكنكم دعم القناة لاستمرار المحتوى على paypal من خلال الرابط التالي :
https://paypal.me/mamado77777?locale.x=ar_EG
#فنون_العربية_محمد_حسين",https://i.ytimg.com/vi/6exrOOT9chw/hqdefault.jpg,available
"فنون العربية",https://www.youtube.com/@fonon_arabic,UC1Z2SVr3TMB7sPrJDw1D1_g,140,"كان و أخواتها  الأفعال الناسخة  ـ سلسلة تعلم الإعراب 26",https://www.youtube.com/watch?v=ARmVdKlDwxA,ARmVdKlDwxA,2020-04-18T08:45:26Z,15:53,"1,498,579","كان و أخواتها  الأفعال الناسخة ــ رفع اسم كان و نصب خبرها 
المبتدأ و الخبر و إعرابهما شرح بالتفصيل ـ سلسلة تعلم الإعراب 13
https://youtu.be/sc4OP-q0lwM
أنواع الخبر شرح بالتفصيل ـ سلسلة تعلم الإعراب 14
https://youtu.be/5sLnAlW74vQ
علامات الإعراب  الأصلية : ( الضمة ـ الفتحة ـ الكسرة ) سلسلة تعلم الإعراب 5
https://youtu.be/_GpJcCQl79w
علامات الإعراب الفرعية شرح بالتفصيل ـ سلسلة تعلم الإعراب 6
https://youtu.be/FUGuenhyaZ4
يمكنكم دعم القناة لاستمرار المحتوى على paypal من خلال الرابط التالي :
https://paypal.me/mamado77777?locale.x=ar_EG
#فنون_العربية_محمد_حسين",https://i.ytimg.com/vi/ARmVdKlDwxA/hqdefault.jpg,available
"فنون العربية",https://www.youtube.com/@fonon_arabic,UC1Z2SVr3TMB7sPrJDw1D1_g,141,"المضاف و المضاف إليه شرح بالتفصيل ـ سلسلة تعلم الإعراب 25",https://www.youtube.com/watch?v=vFBGO9pF3Ew,vFBGO9pF3Ew,2020-04-12T11:36:04Z,20:15,"364,782","شرح درس المضاف إليه أو الجر بالإضافة بالتفصيل 
اختبار على المضاف إليه و يخرج لك الدرجة لقياس مدى استيعاب الدرس من هنا :
https://forms.gle/XYPGd2fwc8eEnDHY7
لمتابعة الضمائر المتصلة بالتفصيل و إعرابها بالتفصيل من هنا :
https://www.youtube.com/watch?v=cGxdW8XgiOs&t=4s
تابع الضمائر المنفصلة من هنا : 
https://www.youtube.com/watch?v=aYnw3u2ChRI&t=2s
إعراب الضمائر المتصلة مع الاسم  من هنا : 
https://www.youtube.com/watch?v=eCbCWzdE4iI&t=61s
أسماء الإشارة للقريب و البعيد بطريقة سهلة و جميلة
https://www.youtube.com/watch?v=eO0c3sBP6Zg&t=29s
الضمائر المنفصلة ( المتكلم و المخاطب و الغائب ) مع الشرح بطريقة سهلة و بسيطة
https://www.youtube.com/watch?v=aYnw3u2ChRI&t=9s
الأسماء الموصولة كاملة المختصة و المشتركة
https://www.youtube.com/watch?v=tPIEgfxmDr0&t=25s
الأسماء الخمسة و إعرابها ــ سلسلة تعلم الإعراب 16
https://www.youtube.com/watch?v=Ao6gfEK177o&t=5s
الظرف ــ المفعول فيه ـ سلسلة تعلم الإعراب 17
https://www.youtube.com/watch?v=VGyvRZN9O0w&t=167s
يمكنكم دعم القناة لاستمرار المحتوى على paypal من خلال الرابط التالي :
https://paypal.me/mamado77777?locale.x=ar_EG
#فنون_العربية_محمد_حسين",https://i.ytimg.com/vi/vFBGO9pF3Ew/hqdefault.jpg,available
"فنون العربية",https://www.youtube.com/@fonon_arabic,UC1Z2SVr3TMB7sPrJDw1D1_g,142,"الأفعال الخمسة ـ و علامات إعرابها ـ سلسلة تعلم الإعراب 24",https://www.youtube.com/watch?v=GqM1QhxMsK4,GqM1QhxMsK4,2020-04-08T15:01:14Z,10:55,"1,590,062","في هذا الدرس شرح درس الأفعال الخمسة و كيفية الإتيان بها و علامات إعرابها .
لمتابعة  شرح حالات بناء الفعل الأمر من هنا : 
https://youtu.be/wVn3zdD8AfQ  
حالات بناء الفعل المضارع مع إعراب الأمثلةبالتفصيل من هنا :
https://youtu.be/dmjRa2UrNVk 
لمتابعة شرح أدوات الجزم التي تجزم فعلا واحدا و علامات الجزم و الفرق بين لا الناهية و لا النافية .
https://youtu.be/9CCiiFMsUyU
لمتابعة نصب الفعل  المضارع بالتفصيل لجميع المراحل ـ سلسلة تعلم الإعراب 20
https://youtu.be/OH8e6y1Elow
لمتابعة رفع الفعل المضارع ـ الصحيح و المعتل و الأفعال الخمسة ـ سلسلة تعلم الإعراب 19 من هنا : 
https://www.youtube.com/watch?v=63dRKoaxLh4
حالات بناء الفعل الماضي ـ سسلسلة تعلم الإعراب 18
https://www.youtube.com/watch?v=eLHiHvHA_d8&t=3s
الضمائر المتصلة بالتفصيل و إعرابها بالتفصيل 
https://www.youtube.com/watch?v=cGxdW8XgiOs&t=4s
تابع الضمائر المنفصلة من هنا : 
https://www.youtube.com/watch?v=aYnw3u2ChRI&t=2s
إعراب الضمائر المتصلة مع الاسم  من هنا : 
https://www.youtube.com/watch?v=eCbCWzdE4iI&t=61s
أنواع الفعل ( الماضي و المضارع و الأمر ) و علامات كل نوع شرح بالتفصيل ــ سلسلة تعلم الإعراب 2
https://www.youtube.com/watch?v=z-ciHbclUXI
يمكنكم دعم القناة لاستمرار المحتوى على paypal من خلال الرابط التالي :
https://paypal.me/mamado77777?locale.x=ar_EG
#فنون_العربية_محمد_حسين",https://i.ytimg.com/vi/GqM1QhxMsK4/hqdefault.jpg,available
"فنون العربية",https://www.youtube.com/@fonon_arabic,UC1Z2SVr3TMB7sPrJDw1D1_g,143,"بناء الأمر ــ حالات بناء فعل الأمر ــ سلسلة تعلم الإعراب 23",https://www.youtube.com/watch?v=wVn3zdD8AfQ,wVn3zdD8AfQ,2020-04-07T07:51:45Z,05:21,"743,808","في هذا الدرس شرح حالات بناء الفعل الأمر  
حالات بناء الفعل المضارع مع إعراب الأمثلةبالتفصيل من هنا :
https://youtu.be/dmjRa2UrNVk 
لمتابعة شرح أدوات الجزم التي تجزم فعلا واحدا و علامات الجزم و الفرق بين لا الناهية و لا النافية .
https://youtu.be/9CCiiFMsUyU
لمتابعة نصب الفعل  المضارع بالتفصيل لجميع المراحل ـ سلسلة تعلم الإعراب 20
https://youtu.be/OH8e6y1Elow
لمتابعة رفع الفعل المضارع ـ الصحيح و المعتل و الأفعال الخمسة ـ سلسلة تعلم الإعراب 19 من هنا : 
https://www.youtube.com/watch?v=63dRKoaxLh4
حالات بناء الفعل الماضي ـ سسلسلة تعلم الإعراب 18
https://www.youtube.com/watch?v=eLHiHvHA_d8&t=3s
الضمائر المتصلة بالتفصيل و إعرابها بالتفصيل 
https://www.youtube.com/watch?v=cGxdW8XgiOs&t=4s
تابع الضمائر المنفصلة من هنا : 
https://www.youtube.com/watch?v=aYnw3u2ChRI&t=2s
إعراب الضمائر المتصلة مع الاسم  من هنا : 
https://www.youtube.com/watch?v=eCbCWzdE4iI&t=61s
أنواع الفعل ( الماضي و المضارع و الأمر ) و علامات كل نوع شرح بالتفصيل ــ سلسلة تعلم الإعراب 2
https://www.youtube.com/watch?v=z-ciHbclUXI
يمكنكم دعم القناة لاستمرار المحتوى على paypal من خلال الرابط التالي :
https://paypal.me/mamado77777?locale.x=ar_EG
#فنون_العربية_محمد_حسين",https://i.ytimg.com/vi/wVn3zdD8AfQ/hqdefault.jpg,available
"فنون العربية",https://www.youtube.com/@fonon_arabic,UC1Z2SVr3TMB7sPrJDw1D1_g,144,"بناء المضارع ــ على السكون و الفتح ــ سلسلة تعلم الإعراب 22",https://www.youtube.com/watch?v=dmjRa2UrNVk,dmjRa2UrNVk,2020-04-04T18:06:57Z,07:00,"505,219","في هذا الدرس شرح حالات بناء الفعل المضارع مع إعراب الأمثلةبالتفصيل .  
لمتابعة شرح أدوات الجزم التي تجزم فعلا واحدا و علامات الجزم و الفرق بين لا الناهية و لا النافية .
https://youtu.be/9CCiiFMsUyU
لمتابعة نصب الفعل  المضارع بالتفصيل لجميع المراحل ـ سلسلة تعلم الإعراب 20
https://youtu.be/OH8e6y1Elow
لمتابعة رفع الفعل المضارع ـ الصحيح و المعتل و الأفعال الخمسة ـ سلسلة تعلم الإعراب 19 من هنا : 
https://www.youtube.com/watch?v=63dRKoaxLh4
حالات بناء الفعل الماضي ـ سسلسلة تعلم الإعراب 18
https://www.youtube.com/watch?v=eLHiHvHA_d8&t=3s
الضمائر المتصلة بالتفصيل و إعرابها بالتفصيل 
https://www.youtube.com/watch?v=cGxdW8XgiOs&t=4s
تابع الضمائر المنفصلة من هنا : 
https://www.youtube.com/watch?v=aYnw3u2ChRI&t=2s
إعراب الضمائر المتصلة مع الاسم  من هنا : 
https://www.youtube.com/watch?v=eCbCWzdE4iI&t=61s
أنواع الفعل ( الماضي و المضارع و الأمر ) و علامات كل نوع شرح بالتفصيل ــ سلسلة تعلم الإعراب 2
https://www.youtube.com/watch?v=z-ciHbclUXI
يمكنكم دعم القناة لاستمرار المحتوى على paypal من خلال الرابط التالي :
https://paypal.me/mamado77777?locale.x=ar_EG
#فنون_العربية_محمد_حسين",https://i.ytimg.com/vi/dmjRa2UrNVk/hqdefault.jpg,available
"فنون العربية",https://www.youtube.com/@fonon_arabic,UC1Z2SVr3TMB7sPrJDw1D1_g,145,"جزم الفعل المضارع ـ الصحيح و المعتل الآخر و الأفعال الخمسة ــ سلسلة تعلم الإعراب 21",https://www.youtube.com/watch?v=9CCiiFMsUyU,9CCiiFMsUyU,2020-04-02T14:54:45Z,11:48,"1,015,770","في هذا الدرس شرح أدوات الجزم التي تجزم فعلا واحدا و علامات الجزم و الفرق بين لا الناهية و لا النافية .
لمتابعة نصب الفعل  المضارع بالتفصيل لجميع المراحل ـ سلسلة تعلم الإعراب 20
https://youtu.be/OH8e6y1Elow
لمتابعة رفع الفعل المضارع ـ الصحيح و المعتل و الأفعال الخمسة ـ سلسلة تعلم الإعراب 19 من هنا : 
https://www.youtube.com/watch?v=63dRKoaxLh4
حالات بناء الفعل الماضي ـ سسلسلة تعلم الإعراب 18
https://www.youtube.com/watch?v=eLHiHvHA_d8&t=3s
الضمائر المتصلة بالتفصيل و إعرابها بالتفصيل 
https://www.youtube.com/watch?v=cGxdW8XgiOs&t=4s
تابع الضمائر المنفصلة من هنا : 
https://www.youtube.com/watch?v=aYnw3u2ChRI&t=2s
إعراب الضمائر المتصلة مع الاسم  من هنا : 
https://www.youtube.com/watch?v=eCbCWzdE4iI&t=61s
أنواع الفعل ( الماضي و المضارع و الأمر ) و علامات كل نوع شرح بالتفصيل ــ سلسلة تعلم الإعراب 2
https://www.youtube.com/watch?v=z-ciHbclUXI
يمكنكم دعم القناة لاستمرار المحتوى على paypal من خلال الرابط التالي :
https://paypal.me/mamado77777?locale.x=ar_EG
#فنون_العربية_محمد_حسين",https://i.ytimg.com/vi/9CCiiFMsUyU/hqdefault.jpg,available
"فنون العربية",https://www.youtube.com/@fonon_arabic,UC1Z2SVr3TMB7sPrJDw1D1_g,146,"نصب المضارع شرح بالتفصيل لجميع المراحل ـ سلسلة تعلم الإعراب 20",https://www.youtube.com/watch?v=OH8e6y1Elow,OH8e6y1Elow,2020-03-31T07:25:59Z,19:04,"724,428","شرح نصب الفعل  المضارع بالتفصيل لجميع المراحل ـ سلسلة تعلم الإعراب 20
الدرس مشروح بتسلسل  حسب الدارسين أدعو الله أن يوفق الجميع .
لمتابعة رفع الفعل المضارع ـ الصحيح و المعتل و الأفعال الخمسة ـ سلسلة تعلم الإعراب 19 من هنا : 
https://www.youtube.com/watch?v=63dRKoaxLh4
حالات بناء الفعل الماضي ـ سسلسلة تعلم الإعراب 18
https://www.youtube.com/watch?v=eLHiHvHA_d8&t=3s
الضمائر المتصلة بالتفصيل و إعرابها بالتفصيل 
https://www.youtube.com/watch?v=cGxdW8XgiOs&t=4s
تابع الضمائر المنفصلة من هنا : 
https://www.youtube.com/watch?v=aYnw3u2ChRI&t=2s
إعراب الضمائر المتصلة مع الاسم  من هنا : 
https://www.youtube.com/watch?v=eCbCWzdE4iI&t=61s
أنواع الفعل ( الماضي و المضارع و الأمر ) و علامات كل نوع شرح بالتفصيل ــ سلسلة تعلم الإعراب 2
https://www.youtube.com/watch?v=z-ciHbclUXI
يمكنكم دعم القناة لاستمرار المحتوى على paypal من خلال الرابط التالي :
https://paypal.me/mamado77777?locale.x=ar_EG
#فنون_العربية_محمد_حسين",https://i.ytimg.com/vi/OH8e6y1Elow/hqdefault.jpg,available
"فنون العربية",https://www.youtube.com/@fonon_arabic,UC1Z2SVr3TMB7sPrJDw1D1_g,147,"رفع الفعل المضارع ـ الصحيح و المعتل و الأفعال الخمسة ـ سلسلة تعلم الإعراب 19",https://www.youtube.com/watch?v=63dRKoaxLh4,63dRKoaxLh4,2020-03-27T09:34:45Z,09:23,"668,592","شرح درس رفع الفعل المضارع  الصحيح الآخر و المعتل الآخر  و الأفعال الخمسة 
الضمائر المتصلة بالتفصيل و إعرابها بالتفصيل 
https://www.youtube.com/watch?v=cGxdW8XgiOs&t=4s
تابع الضمائر المنفصلة من هنا : 
https://www.youtube.com/watch?v=aYnw3u2ChRI&t=2s
إعراب الضمائر المتصلة مع الاسم  من هنا : 
https://www.youtube.com/watch?v=eCbCWzdE4iI&t=61s
أنواع الفعل ( الماضي و المضارع و الأمر ) و علامات كل نوع شرح بالتفصيل ــ سلسلة تعلم الإعراب 2
https://www.youtube.com/watch?v=z-ciHbclUXI
يمكنكم دعم القناة لاستمرار المحتوى على paypal من خلال الرابط التالي :
https://paypal.me/mamado77777?locale.x=ar_EG

#فنون_العربية_محمد_حسين",https://i.ytimg.com/vi/63dRKoaxLh4/hqdefault.jpg,available
"فنون العربية",https://www.youtube.com/@fonon_arabic,UC1Z2SVr3TMB7sPrJDw1D1_g,148,"حالات بناء الفعل الماضي ـ سسلسلة تعلم الإعراب 18",https://www.youtube.com/watch?v=eLHiHvHA_d8,eLHiHvHA_d8,2020-03-25T07:09:58Z,11:03,"1,153,414","شرح حالات حالات بناء الفعل الماضي ( الفتح ــ السكون ــ الضم ) مع صحيح الآخر و معتل الآخر و البناء المقدر  ـ سسلسلة تعلم الإعراب 18
الضمائر المتصلة بالتفصيل و إعرابها بالتفصيل 
تابع الضمائر المنفصلة من هنا : 
https://www.youtube.com/watch?v=aYnw3u2ChRI&t=2s
إعراب الضمائر المتصلة مع الاسم  من هنا : 
https://www.youtube.com/watch?v=eCbCWzdE4iI&t=61s
أنواع الفعل ( الماضي و المضارع و الأمر ) و علامات كل نوع شرح بالتفصيل ــ سلسلة تعلم الإعراب 2
https://www.youtube.com/watch?v=z-ciHbclUXI
يمكنكم دعم القناة لاستمرار المحتوى على paypal من خلال الرابط التالي :
https://paypal.me/mamado77777?locale.x=ar_EG

#فنون_العربية_محمد_حسين",https://i.ytimg.com/vi/eLHiHvHA_d8/hqdefault.jpg,available
"فنون العربية",https://www.youtube.com/@fonon_arabic,UC1Z2SVr3TMB7sPrJDw1D1_g,149,"الظرف ــ المفعول فيه ـ سلسلة تعلم الإعراب 17",https://www.youtube.com/watch?v=VGyvRZN9O0w,VGyvRZN9O0w,2020-03-21T08:14:36Z,10:24,"685,162","المفعول فيه أو الظرف ( الزمان و المكان ) مع إعراب الظرف  ـ سلسلة تعلم الإعراب 17
#فنون_العربية_محمد_حسين
يمكنكم دعم القناة لاستمرار المحتوى على paypal من خلال الرابط التالي :
https://paypal.me/mamado77777?locale.x=ar_EG
درس المفعول فيه ( الظرف ) من هنا : https://youtu.be/VGyvRZN9O0w
درس المفعول لأجله من هنا : https://youtu.be/g35oINyuk0U
درس المفعول المطلق من هنا : https://youtu.be/qH450Om0Ul8
درس المفعول به من هنا : https://youtu.be/-sSadKciHjA
درس المفعول معه من هنا : https://youtu.be/u6UmSIrjTKI",https://i.ytimg.com/vi/VGyvRZN9O0w/hqdefault.jpg,available
"فنون العربية",https://www.youtube.com/@fonon_arabic,UC1Z2SVr3TMB7sPrJDw1D1_g,150,"الأسماء الخمسة و إعرابها ــ سلسلة تعلم الإعراب 16",https://www.youtube.com/watch?v=Ao6gfEK177o,Ao6gfEK177o,2020-03-17T14:08:52Z,16:06,"999,399","شرح درس الأسماء الخمسة و معانيها و شروطها و إعرابها 
عن عقبة بن عامر أن رسول الله صلى الله عليه وسلم قال: «إياكم والدخول على النساء!»، فقال رجل من الأنصار: يا رسول الله، أفرأيت الحمو؟ قال: «الحمو الموت» (رواه البخاري: [5232]، ومسلم: [2172]). «الحمو الموت»: معناه ""أن الخوف منه أكثر من غيره والشر يُتوقع منه والفتنة أكثر؛ لتمكنه من الوصول إلى المرأة والخلوة من غير أن يُنكَر عليه بخلاف الأجنبي. والمراد بالحمو هنا: أقارب الزوج غير آبائه وأبنائه"" (شرح النووي على مسلم). وذهب بعض أهل العلم إلى أن الحمو يُطلَق على قريب الزوج والزوجة معًا. قال النووي في شرحه لصحيح مسلم: ""اتفق أهل اللغة على أن الأحماء أقارب زوج المرأة كأبيه، وعمه، وأخيه، وابن أخيه، وابن عمه ونحوهم، والأختان أقارب زوجة الرجل، والأصهار يقع على النوعين. وأما قوله صلى الله عليه وسلم: «الحمو الموت» فمعناه: أن الخوف منه أكثر من غيره، والشر يُتوقع منه والفتنة أكثر لتمكُّنه من الوصول إلى المرأة والخلوة من غير أن يُنكَر عليه بخلاف الأجنبي، والمراد بالحمو هنا أقارب الزوج غير آبائه وأبنائه، فأما الآباء والأبناء فمحارم لزوجته تجوز لهم الخلوة بها ولا يوصفون بالموت، وإنما المراد الأخ وابن الأخ، والعم وابنه ونحوهم ممن ليس بمحرم وعادة الناس المساهلة فيه ويخلو بامرأة أخيه فهذا هو الموت وهو أولى بالمنع من الأجنبي لِمَا ذكرناه، فهذا الذى ذكرته هو صواب معنى الحديث"" انتهى.

رابط المادة: http://iswy.co/e13thb
يمكنكم دعم القناة لاستمرار المحتوى على paypal من خلال الرابط التالي :
https://paypal.me/mamado77777?locale.x=ar_EG

#فنون_العربية_محمد_حسين",https://i.ytimg.com/vi/Ao6gfEK177o/hqdefault.jpg,available
"فنون العربية",https://www.youtube.com/@fonon_arabic,UC1Z2SVr3TMB7sPrJDw1D1_g,151,"الضمائر المتصلة و إعرابها بالتفصيل ــ سلسلة تعلم الإعراب 15",https://www.youtube.com/watch?v=cGxdW8XgiOs,cGxdW8XgiOs,2020-02-18T06:25:19Z,13:28,"1,006,848","الضمائر المتصلة بالتفصيل و إعرابها بالتفصيل 
تابع الضمائر المنفصلة من هنا : 
https://www.youtube.com/watch?v=aYnw3u2ChRI&t=2s
إعراب الضمائر المتصلة مع الاسم  من هنا : 
https://www.youtube.com/watch?v=eCbCWzdE4iI&t=61s
يمكنكم دعم القناة لاستمرار المحتوى على paypal من خلال الرابط التالي :
https://paypal.me/mamado77777?locale.x=ar_EG

#فنون_العربية_محمد_حسين",https://i.ytimg.com/vi/cGxdW8XgiOs/hqdefault.jpg,available
"فنون العربية",https://www.youtube.com/@fonon_arabic,UC1Z2SVr3TMB7sPrJDw1D1_g,152,"تعلم الإعراب ـ العلاقة بين الإملاء و القواعد النحوية",https://www.youtube.com/watch?v=TotdOxPlKF0,TotdOxPlKF0,2020-01-13T14:01:05Z,03:43,"65,733","تعلم الإعراب ـ العلاقة بين الإملاء و القواعد النحوية في كتابة الكلمات التي تحتوي على همزة متطرفة على السطر عند اتصالها مع الضمائر
لمتابعة دروس الهمزة المتوسطة و المتطرفة من هنا : 
شرح درس الهمزة المتوسطة في جميع الحالات في مقطع واحد لتسهيل المتابعة للدرس من هنا : 
و من أراد كل درس منفصل من هنا : https://www.youtube.com/watch?v=Zu6W9eO6B8Q&t=322s
مشاهدة شرح درس الهمزة المتوسطة على الألف :
 https://youtu.be/O4a3qPro0Lo
مشاهدة شرح درس الهمزة المتوسطة على الواو من هنا : https://youtu.be/T4r_gsnWV5M 
مشاهدة أيضا شرح درس الهمزة المتوسطة على الياء : https://youtu.be/KYFJnuSvH6w
شرح درس الهمزة المتوسطة على السطر :
https://youtu.be/l0a-l9JneaM
مشاهدة شرح درس الهمزة المتطرفة من هنا : 
https://youtu.be/Ddjsp90qy7c
مشاهدة درس همزة الوصل و همزة القطع من هنا : 
https://youtu.be/WLLyn3VWPrM
يمكنكم دعم القناة لاستمرار المحتوى على paypal من خلال الرابط التالي :
https://paypal.me/mamado77777?locale.x=ar_EG

#فنون_العربية_محمد_حسين",https://i.ytimg.com/vi/TotdOxPlKF0/hqdefault.jpg,available
"فنون العربية",https://www.youtube.com/@fonon_arabic,UC1Z2SVr3TMB7sPrJDw1D1_g,153,"تعلم الإعراب ـ إعراب الفعل المضارع مع نون النسوة و ياء المخاطبة ـ دقيقة نحوية",https://www.youtube.com/watch?v=_3bC8A9puPM,_3bC8A9puPM,2019-12-06T14:37:21Z,01:34,"93,452","مقارنة بين الفعل المضارع مع نون النسوة و ياء المخاطبة من سلسلة تعلم الإعراب و مع دقيقة نحوية 
شرح درس علامات الإعراب الفرعية مع الأمثلة من هنا : 
https://www.youtube.com/watch?v=FUGue...

شرح درس علامات الإعراب  الأصلية : ( الضمة ـ الفتحة ـ الكسرة ) مع إعراب الأمثلة من هنا : 

https://www.youtube.com/watch?v=_GpJc...

شرح درس الاسم من حيث النوع ( المذكر و المؤنث ــ و الجمع بأنواعه ( المذكر السالم و المؤنث السالم و التكسير )  من هنا : 

https://www.youtube.com/watch?v=7waR_... 

تابعوا معنا باقي الدروس من هنا : 

الحروف و علاماتها و أنواعها : 

https://www.youtube.com/watch?v=5zVkl...

شرح تعريف الفعل و أنواع الفعل من حيث الزمن و علامات  الفعل و علامات كل نوع من أنواع الفعل  ( الماضي ـ المضارع ـ الأمر ) من هنا :

https://www.youtube.com/watch?v=z-ciH...

تابعوا علامات الاسم لن تخطئوا بها بعد الآن ـ سلسلة تعلم الإعراب 1 من هنا : 

https://www.youtube.com/watch?v=FlcpP...

شرح درس حروف الجر و علامات الجر :

https://www.youtube.com/watch?v=yJ60Y...
يمكنكم دعم القناة لاستمرار المحتوى على paypal من خلال الرابط التالي :
https://paypal.me/mamado77777?locale.x=ar_EG

#فنون_العربية_محمد_حسين",https://i.ytimg.com/vi/_3bC8A9puPM/hqdefault.jpg,available
"فنون العربية",https://www.youtube.com/@fonon_arabic,UC1Z2SVr3TMB7sPrJDw1D1_g,154,"إعراب أي ضمير متصل مع الاسم في دقيقتين ـ ثوابت إعرابية",https://www.youtube.com/watch?v=eCbCWzdE4iI,eCbCWzdE4iI,2019-08-20T07:00:05Z,02:57,"82,995","شرح إعراب الضمائر المتصلة مع الاسم بطريقة سهلة و بسيطة 
لمتابعة الدرس الأول  الجملة الاسمية و مكوناتها و إعراب المبتدأ و الخبر بالتفصيل مع إعراب كل نوع منها و علامات الإعراب الأصلية و الفرعية مع المبتدأ و الخبر من هنا : 
https://www.youtube.com/watch?v=sc4OP-q0lwM
شرح درس المفعول لأجله تعريفه و علامات إعرابه و حالاته 
https://www.youtube.com/watch?v=g35oINyuk0U
و من هنا شرح بالتفصيل لمن أراد الزيادة في الأمثلة :
https://www.fononarabic.com/2019/07/effect-for-him.html
نتناول في هذا الدرس شرح درس المفعول المطلق تعريفه و علامات إعرابه الأصلية و الفرعية وأنواع المفعول المطلق و هذا الدرس مسلسل من الصغير إلى الكبير و يصلح لجميع المراحل التعليمية :
https://www.youtube.com/watch?v=qH450Om0Ul8
و من هنا شرح بالتفصيل لمن أراد الزيادة مع شرح النائب عن المفعول المطلق من هنا : 
https://www.fononarabic.com/2019/07/absolute-effect-explained.html

 شرح درس المفعول به تعريفه و علامات إعرابه الأصلية و الفرعية وأنواع المعول به و هذا الدرس مسلسل من للصغير و الكبير و يصلح لجميع المراحل التعليمية .
https://www.youtube.com/watch?v=-sSadKciHjA
شرح درس الفاعل تعريفه و علامات إعرابه الأصلية و الفرعية و أنواع الفاعل و هذا الدرس مسلسل من للصغير و الكبير و يصلح لجميع المراحل التعليمية . من هنا :
https://www.youtube.com/watch?v=GeoiDO3Y6ls
شرح كيفية التمييز بين الجملة الاسمية و الفعلية و إعراب الجمل و تدريب على الدرس 
من هنا :
https://www.youtube.com/watch?v=9AR0d5IUSSo
شرح كيفية الإعراب من البداية و تحديد نوع الكلمة و موقعها الإعرابي و حالتها الإعرابية و علامتها الإعرابية من البداية بكل سهولة و يسر  من هنا : 
https://www.youtube.com/watch?v=4EymsJxwf9I
شرح درس علامات الإعراب الفرعية مع الأمثلة من هنا : 
https://www.youtube.com/watch?v=FUGuenhyaZ4
شرح درس علامات الإعراب  الأصلية : ( الضمة ـ الفتحة ـ الكسرة ) مع إعراب الأمثلة من هنا : 
https://www.youtube.com/watch?v=_GpJcCQl79w
شرح درس الاسم من حيث النوع ( المذكر و المؤنث ــ و الجمع بأنواعه ( المذكر السالم و المؤنث السالم و التكسير )  من هنا : 
https://www.youtube.com/watch?v=7waR_hQ2tjc 
تابعوا معنا باقي الدروس من هنا : 
الحروف و علاماتها و أنواعها : 
https://www.youtube.com/watch?v=5zVklJM2O7c
شرح تعريف الفعل و أنواع الفعل من حيث الزمن و علامات  الفعل و علامات كل نوع من أنواع الفعل  ( الماضي ـ المضارع ـ الأمر ) من هنا :
https://www.youtube.com/watch?v=z-ciHbclUXI
تابعوا علامات الاسم لن تخطئوا بها بعد الآن ـ سلسلة تعلم الإعراب 1 من هنا : 
https://www.youtube.com/watch?v=FlcpPE1RMK0
شرح درس حروف الجر و علامات الجر :
https://www.youtube.com/watch?v=yJ60Yy-_FDg&t=2s
يمكنكم دعم القناة لاستمرار المحتوى على paypal من خلال الرابط التالي :
https://paypal.me/mamado77777?locale.x=ar_EG

#فنون_العربية_محمد_حسين",https://i.ytimg.com/vi/eCbCWzdE4iI/hqdefault.jpg,available
"فنون العربية",https://www.youtube.com/@fonon_arabic,UC1Z2SVr3TMB7sPrJDw1D1_g,155,"أنواع الخبر شرح بالتفصيل ـ سلسلة تعلم الإعراب 14",https://www.youtube.com/watch?v=5sLnAlW74vQ,5sLnAlW74vQ,2019-08-04T20:24:33Z,15:22,"809,257","نشرح في هذا الدرس أنواع الخبر بالتفصيل .
لمتابعة الدرس الأول  الجملة الاسمية و مكوناتها و إعراب المبتدأ و الخبر بالتفصيل مع إعراب كل نوع منها و علامات الإعراب الأصلية و الفرعية مع المبتدأ و الخبر من هنا : 
https://www.youtube.com/watch?v=sc4OP-q0lwM
شرح درس المفعول لأجله تعريفه و علامات إعرابه و حالاته 
https://www.youtube.com/watch?v=g35oINyuk0U
و من هنا شرح بالتفصيل لمن أراد الزيادة في الأمثلة :
https://www.fononarabic.com/2019/07/effect-for-him.html
نتناول في هذا الدرس شرح درس المفعول المطلق تعريفه و علامات إعرابه الأصلية و الفرعية وأنواع المفعول المطلق و هذا الدرس مسلسل من الصغير إلى الكبير و يصلح لجميع المراحل التعليمية :
https://www.youtube.com/watch?v=qH450Om0Ul8
و من هنا شرح بالتفصيل لمن أراد الزيادة مع شرح النائب عن المفعول المطلق من هنا : 
https://www.fononarabic.com/2019/07/absolute-effect-explained.html

 شرح درس المفعول به تعريفه و علامات إعرابه الأصلية و الفرعية وأنواع المعول به و هذا الدرس مسلسل من للصغير و الكبير و يصلح لجميع المراحل التعليمية .
https://www.youtube.com/watch?v=-sSadKciHjA
شرح درس الفاعل تعريفه و علامات إعرابه الأصلية و الفرعية و أنواع الفاعل و هذا الدرس مسلسل من للصغير و الكبير و يصلح لجميع المراحل التعليمية . من هنا :
https://www.youtube.com/watch?v=GeoiDO3Y6ls
شرح كيفية التمييز بين الجملة الاسمية و الفعلية و إعراب الجمل و تدريب على الدرس 
من هنا :
https://www.youtube.com/watch?v=9AR0d5IUSSo
شرح كيفية الإعراب من البداية و تحديد نوع الكلمة و موقعها الإعرابي و حالتها الإعرابية و علامتها الإعرابية من البداية بكل سهولة و يسر  من هنا : 
https://www.youtube.com/watch?v=4EymsJxwf9I
شرح درس علامات الإعراب الفرعية مع الأمثلة من هنا : 
https://www.youtube.com/watch?v=FUGuenhyaZ4
شرح درس علامات الإعراب  الأصلية : ( الضمة ـ الفتحة ـ الكسرة ) مع إعراب الأمثلة من هنا : 
https://www.youtube.com/watch?v=_GpJcCQl79w
شرح درس الاسم من حيث النوع ( المذكر و المؤنث ــ و الجمع بأنواعه ( المذكر السالم و المؤنث السالم و التكسير )  من هنا : 
https://www.youtube.com/watch?v=7waR_hQ2tjc 
تابعوا معنا باقي الدروس من هنا : 
الحروف و علاماتها و أنواعها : 
https://www.youtube.com/watch?v=5zVklJM2O7c
شرح تعريف الفعل و أنواع الفعل من حيث الزمن و علامات  الفعل و علامات كل نوع من أنواع الفعل  ( الماضي ـ المضارع ـ الأمر ) من هنا :
https://www.youtube.com/watch?v=z-ciHbclUXI
تابعوا علامات الاسم لن تخطئوا بها بعد الآن ـ سلسلة تعلم الإعراب 1 من هنا : 
https://www.youtube.com/watch?v=FlcpPE1RMK0
شرح درس حروف الجر و علامات الجر :
https://www.youtube.com/watch?v=yJ60Yy-_FDg&t=2s
يمكنكم دعم القناة لاستمرار المحتوى على paypal من خلال الرابط التالي :
https://paypal.me/mamado77777?locale.x=ar_EG

#فنون_العربية_محمد_حسين",https://i.ytimg.com/vi/5sLnAlW74vQ/hqdefault.jpg,available
"فنون العربية",https://www.youtube.com/@fonon_arabic,UC1Z2SVr3TMB7sPrJDw1D1_g,156,"المبتدأ و الخبر و إعرابهما شرح بالتفصيل ـ سلسلة تعلم الإعراب 13",https://www.youtube.com/watch?v=sc4OP-q0lwM,sc4OP-q0lwM,2019-07-31T20:55:55Z,12:45,"2,588,624","نشرح في هذا الدرس الجملة الاسمية و مكوناتها و إعراب المبتدأ و الخبر بالتفصيل مع إعراب كل نوع منها و علامات الإعراب الأصلية و الفرعية مع المبتدأ و الخبر 
و يمكنكم متابعة سلسلة تعلم الإعراب من هنا : 
شرح درس المفعول لأجله تعريفه و علامات إعرابه و حالاته 
https://www.youtube.com/watch?v=g35oINyuk0U
و من هنا شرح بالتفصيل لمن أراد الزيادة في الأمثلة :
https://www.fononarabic.com/2019/07/effect-for-him.html
نتناول في هذا الدرس شرح درس المفعول المطلق تعريفه و علامات إعرابه الأصلية و الفرعية وأنواع المفعول المطلق و هذا الدرس مسلسل من الصغير إلى الكبير و يصلح لجميع المراحل التعليمية :
https://www.youtube.com/watch?v=qH450Om0Ul8
و من هنا شرح بالتفصيل لمن أراد الزيادة مع شرح النائب عن المفعول المطلق من هنا : 
https://www.fononarabic.com/2019/07/absolute-effect-explained.html

 شرح درس المفعول به تعريفه و علامات إعرابه الأصلية و الفرعية وأنواع المعول به و هذا الدرس مسلسل من للصغير و الكبير و يصلح لجميع المراحل التعليمية .
https://www.youtube.com/watch?v=-sSadKciHjA
شرح درس الفاعل تعريفه و علامات إعرابه الأصلية و الفرعية و أنواع الفاعل و هذا الدرس مسلسل من للصغير و الكبير و يصلح لجميع المراحل التعليمية . من هنا :
https://www.youtube.com/watch?v=GeoiDO3Y6ls
شرح كيفية التمييز بين الجملة الاسمية و الفعلية و إعراب الجمل و تدريب على الدرس 
من هنا :
https://www.youtube.com/watch?v=9AR0d5IUSSo
شرح كيفية الإعراب من البداية و تحديد نوع الكلمة و موقعها الإعرابي و حالتها الإعرابية و علامتها الإعرابية من البداية بكل سهولة و يسر  من هنا : 
https://www.youtube.com/watch?v=4EymsJxwf9I
شرح درس علامات الإعراب الفرعية مع الأمثلة من هنا : 
https://www.youtube.com/watch?v=FUGuenhyaZ4
شرح درس علامات الإعراب  الأصلية : ( الضمة ـ الفتحة ـ الكسرة ) مع إعراب الأمثلة من هنا : 
https://www.youtube.com/watch?v=_GpJcCQl79w
شرح درس الاسم من حيث النوع ( المذكر و المؤنث ــ و الجمع بأنواعه ( المذكر السالم و المؤنث السالم و التكسير )  من هنا : 
https://www.youtube.com/watch?v=7waR_hQ2tjc 
تابعوا معنا باقي الدروس من هنا : 
الحروف و علاماتها و أنواعها : 
https://www.youtube.com/watch?v=5zVklJM2O7c
شرح تعريف الفعل و أنواع الفعل من حيث الزمن و علامات  الفعل و علامات كل نوع من أنواع الفعل  ( الماضي ـ المضارع ـ الأمر ) من هنا :
https://www.youtube.com/watch?v=z-ciHbclUXI
تابعوا علامات الاسم لن تخطئوا بها بعد الآن ـ سلسلة تعلم الإعراب 1 من هنا : 
https://www.youtube.com/watch?v=FlcpPE1RMK0
شرح درس حروف الجر و علامات الجر :
https://www.youtube.com/watch?v=yJ60Yy-_FDg&t=2s
يمكنكم دعم القناة لاستمرار المحتوى على paypal من خلال الرابط التالي :
https://paypal.me/mamado77777?locale.x=ar_EG

#فنون_العربية_محمد_حسين",https://i.ytimg.com/vi/sc4OP-q0lwM/hqdefault.jpg,available
"فنون العربية",https://www.youtube.com/@fonon_arabic,UC1Z2SVr3TMB7sPrJDw1D1_g,157,"المفعول لأجله بطريقة سهلة و بسيطة ـ سلسلة تعلم الإعراب 12",https://www.youtube.com/watch?v=g35oINyuk0U,g35oINyuk0U,2019-07-23T19:47:35Z,06:55,"485,343","نتناول في هذا الدرس شرح درس المفعول لأجله تعريفه و علامات إعرابه و حالاته و من هنا شرح بالتفصيل لمن أراد الزيادة في الأمثلة :
https://www.fononarabic.com/2019/07/effect-for-him.html
نتناول في هذا الدرس شرح درس المفعول المطلق تعريفه و علامات إعرابه الأصلية و الفرعية وأنواع المفعول المطلق و هذا الدرس مسلسل من الصغير إلى الكبير و يصلح لجميع المراحل التعليمية :
https://www.youtube.com/watch?v=qH450Om0Ul8
و من هنا شرح بالتفصيل لمن أراد الزيادة مع شرح النائب عن المفعول المطلق من هنا : 
https://www.fononarabic.com/2019/07/absolute-effect-explained.html

 شرح درس المفعول به تعريفه و علامات إعرابه الأصلية و الفرعية وأنواع المعول به و هذا الدرس مسلسل من للصغير و الكبير و يصلح لجميع المراحل التعليمية .
https://www.youtube.com/watch?v=-sSadKciHjA
شرح درس الفاعل تعريفه و علامات إعرابه الأصلية و الفرعية و أنواع الفاعل و هذا الدرس مسلسل من للصغير و الكبير و يصلح لجميع المراحل التعليمية . من هنا :
https://www.youtube.com/watch?v=GeoiDO3Y6ls
شرح كيفية التمييز بين الجملة الاسمية و الفعلية و إعراب الجمل و تدريب على الدرس 
من هنا :
https://www.youtube.com/watch?v=9AR0d5IUSSo
شرح كيفية الإعراب من البداية و تحديد نوع الكلمة و موقعها الإعرابي و حالتها الإعرابية و علامتها الإعرابية من البداية بكل سهولة و يسر  من هنا : 
https://www.youtube.com/watch?v=4EymsJxwf9I
شرح درس علامات الإعراب الفرعية مع الأمثلة من هنا : 
https://www.youtube.com/watch?v=FUGuenhyaZ4
شرح درس علامات الإعراب  الأصلية : ( الضمة ـ الفتحة ـ الكسرة ) مع إعراب الأمثلة من هنا : 
https://www.youtube.com/watch?v=_GpJcCQl79w
شرح درس الاسم من حيث النوع ( المذكر و المؤنث ــ و الجمع بأنواعه ( المذكر السالم و المؤنث السالم و التكسير )  من هنا : 
https://www.youtube.com/watch?v=7waR_hQ2tjc 
تابعوا معنا باقي الدروس من هنا : 
الحروف و علاماتها و أنواعها : 
https://www.youtube.com/watch?v=5zVklJM2O7c
شرح تعريف الفعل و أنواع الفعل من حيث الزمن و علامات  الفعل و علامات كل نوع من أنواع الفعل  ( الماضي ـ المضارع ـ الأمر ) من هنا :
https://www.youtube.com/watch?v=z-ciHbclUXI
تابعوا علامات الاسم لن تخطئوا بها بعد الآن ـ سلسلة تعلم الإعراب 1 من هنا : 
https://www.youtube.com/watch?v=FlcpPE1RMK0
شرح درس حروف الجر و علامات الجر :
https://www.youtube.com/watch?v=yJ60Yy-_FDg&t=2s
يمكنكم دعم القناة لاستمرار المحتوى على paypal من خلال الرابط التالي :
https://paypal.me/mamado77777?locale.x=ar_EG

#فنون_العربية_محمد_حسين",https://i.ytimg.com/vi/g35oINyuk0U/hqdefault.jpg,available
"فنون العربية",https://www.youtube.com/@fonon_arabic,UC1Z2SVr3TMB7sPrJDw1D1_g,158,"المفعول المطلق و أنواعه و علامات إعرابه ـ سلسلة تعلم الإعراب 11",https://www.youtube.com/watch?v=qH450Om0Ul8,qH450Om0Ul8,2019-07-20T12:50:45Z,08:34,"429,790","نتناول في هذا الدرس شرح درس المفعول المطلق تعريفه و علامات إعرابه الأصلية و الفرعية وأنواع المفعول المطلق و هذا الدرس مسلسل من الصغير إلى الكبير و يصلح لجميع المراحل التعليمية و من هنا شرح بالتفصيل لمن أراد الزيادة مع شرح النائب عن المفعول المطلق من هنا : 
https://www.fononarabic.com/2019/07/absolute-effect-explained.html

 شرح درس المفعول به تعريفه و علامات إعرابه الأصلية و الفرعية وأنواع المعول به و هذا الدرس مسلسل من للصغير و الكبير و يصلح لجميع المراحل التعليمية .
https://www.youtube.com/watch?v=-sSadKciHjA
شرح درس الفاعل تعريفه و علامات إعرابه الأصلية و الفرعية و أنواع الفاعل و هذا الدرس مسلسل من للصغير و الكبير و يصلح لجميع المراحل التعليمية . من هنا :
https://www.youtube.com/watch?v=GeoiDO3Y6ls
شرح كيفية التمييز بين الجملة الاسمية و الفعلية و إعراب الجمل و تدريب على الدرس 
من هنا :
https://www.youtube.com/watch?v=9AR0d5IUSSo
شرح كيفية الإعراب من البداية و تحديد نوع الكلمة و موقعها الإعرابي و حالتها الإعرابية و علامتها الإعرابية من البداية بكل سهولة و يسر  من هنا : 
https://www.youtube.com/watch?v=4EymsJxwf9I
شرح درس علامات الإعراب الفرعية مع الأمثلة من هنا : 
https://www.youtube.com/watch?v=FUGuenhyaZ4
شرح درس علامات الإعراب  الأصلية : ( الضمة ـ الفتحة ـ الكسرة ) مع إعراب الأمثلة من هنا : 
https://www.youtube.com/watch?v=_GpJcCQl79w
شرح درس الاسم من حيث النوع ( المذكر و المؤنث ــ و الجمع بأنواعه ( المذكر السالم و المؤنث السالم و التكسير )  من هنا : 
https://www.youtube.com/watch?v=7waR_hQ2tjc 
تابعوا معنا باقي الدروس من هنا : 
الحروف و علاماتها و أنواعها : 
https://www.youtube.com/watch?v=5zVklJM2O7c
شرح تعريف الفعل و أنواع الفعل من حيث الزمن و علامات  الفعل و علامات كل نوع من أنواع الفعل  ( الماضي ـ المضارع ـ الأمر ) من هنا :
https://www.youtube.com/watch?v=z-ciHbclUXI
تابعوا علامات الاسم لن تخطئوا بها بعد الآن ـ سلسلة تعلم الإعراب 1 من هنا : 
https://www.youtube.com/watch?v=FlcpPE1RMK0
شرح درس حروف الجر و علامات الجر :
https://www.youtube.com/watch?v=yJ60Yy-_FDg&t=2s
يمكنكم دعم القناة لاستمرار المحتوى على paypal من خلال الرابط التالي :
https://paypal.me/mamado77777?locale.x=ar_EG

#فنون_العربية_محمد_حسين",https://i.ytimg.com/vi/qH450Om0Ul8/hqdefault.jpg,available
"فنون العربية",https://www.youtube.com/@fonon_arabic,UC1Z2SVr3TMB7sPrJDw1D1_g,159,"المفعول به و علامات إعرابه و أنواعه ـ سلسلة تعلم الإعراب 10",https://www.youtube.com/watch?v=-sSadKciHjA,'-sSadKciHjA,2019-07-08T11:41:33Z,12:33,"1,045,685","نتناول في هذا الدرس شرح درس المفعول به تعريفه و علامات إعرابه الأصلية و الفرعية وأنواع المعول به و هذا الدرس مسلسل من للصغير و الكبير و يصلح لجميع المراحل التعليمية .
شرح درس الفاعل تعريفه و علامات إعرابه الأصلية و الفرعية و أنواع الفاعل و هذا الدرس مسلسل من للصغير و الكبير و يصلح لجميع المراحل التعليمية . من هنا :
https://www.youtube.com/watch?v=GeoiDO3Y6ls
شرح كيفية التمييز بين الجملة الاسمية و الفعلية و إعراب الجمل و تدريب على الدرس 
من هنا :
https://www.youtube.com/watch?v=9AR0d5IUSSo
شرح كيفية الإعراب من البداية و تحديد نوع الكلمة و موقعها الإعرابي و حالتها الإعرابية و علامتها الإعرابية من البداية بكل سهولة و يسر  من هنا : 
https://www.youtube.com/watch?v=4EymsJxwf9I
شرح درس علامات الإعراب الفرعية مع الأمثلة من هنا : 
https://www.youtube.com/watch?v=FUGuenhyaZ4
شرح درس علامات الإعراب  الأصلية : ( الضمة ـ الفتحة ـ الكسرة ) مع إعراب الأمثلة من هنا : 
https://www.youtube.com/watch?v=_GpJcCQl79w
شرح درس الاسم من حيث النوع ( المذكر و المؤنث ــ و الجمع بأنواعه ( المذكر السالم و المؤنث السالم و التكسير )  من هنا : 
https://www.youtube.com/watch?v=7waR_hQ2tjc 
تابعوا معنا باقي الدروس من هنا : 
الحروف و علاماتها و أنواعها : 
https://www.youtube.com/watch?v=5zVklJM2O7c
شرح تعريف الفعل و أنواع الفعل من حيث الزمن و علامات  الفعل و علامات كل نوع من أنواع الفعل  ( الماضي ـ المضارع ـ الأمر ) من هنا :
https://www.youtube.com/watch?v=z-ciHbclUXI
تابعوا علامات الاسم لن تخطئوا بها بعد الآن ـ سلسلة تعلم الإعراب 1 من هنا : 
https://www.youtube.com/watch?v=FlcpPE1RMK0
شرح درس حروف الجر و علامات الجر :
https://www.youtube.com/watch?v=yJ60Yy-_FDg&t=2s
يمكنكم دعم القناة لاستمرار المحتوى على paypal من خلال الرابط التالي :
https://paypal.me/mamado77777?locale.x=ar_EG

#فنون_العربية_محمد_حسين",https://i.ytimg.com/vi/-sSadKciHjA/hqdefault.jpg,available
"فنون العربية",https://www.youtube.com/@fonon_arabic,UC1Z2SVr3TMB7sPrJDw1D1_g,160,"الفاعل و علامات إعرابه و أنواعه ـ سلسلة تعلم الإعراب 9",https://www.youtube.com/watch?v=GeoiDO3Y6ls,GeoiDO3Y6ls,2019-07-05T00:39:16Z,12:44,"804,505","نتناول في هذا الدرس شرح درس الفاعل تعريفه و علامات إعرابه الأصلية و الفرعية و انواع الفاعل و هذا الدرس مسلسل من للصغير و الكبير و يصلح لجميع المراحل التعليمية .
شرح كيفية التمييز بين الجملة الاسمية و الفعلية و إعراب الجمل و تدريب على الدرس 
من هنا :
https://www.youtube.com/watch?v=9AR0d5IUSSo
شرح كيفية الإعراب من البداية و تحديد نوع الكلمة و موقعها الإعرابي و حالتها الإعرابية و علامتها الإعرابية من البداية بكل سهولة و يسر  من هنا : 
https://www.youtube.com/watch?v=4EymsJxwf9I
شرح درس علامات الإعراب الفرعية مع الأمثلة من هنا : 
https://www.youtube.com/watch?v=FUGuenhyaZ4
شرح درس علامات الإعراب  الأصلية : ( الضمة ـ الفتحة ـ الكسرة ) مع إعراب الأمثلة من هنا : 
https://www.youtube.com/watch?v=_GpJcCQl79w
شرح درس الاسم من حيث النوع ( المذكر و المؤنث ــ و الجمع بأنواعه ( المذكر السالم و المؤنث السالم و التكسير )  من هنا : 
https://www.youtube.com/watch?v=7waR_hQ2tjc 
تابعوا معنا باقي الدروس من هنا : 
الحروف و علاماتها و أنواعها : 
https://www.youtube.com/watch?v=5zVklJM2O7c
شرح تعريف الفعل و أنواع الفعل من حيث الزمن و علامات  الفعل و علامات كل نوع من أنواع الفعل  ( الماضي ـ المضارع ـ الأمر ) من هنا :
https://www.youtube.com/watch?v=z-ciHbclUXI
تابعوا علامات الاسم لن تخطئوا بها بعد الآن ـ سلسلة تعلم الإعراب 1 من هنا : 
https://www.youtube.com/watch?v=FlcpPE1RMK0
شرح درس حروف الجر و علامات الجر :
https://www.youtube.com/watch?v=yJ60Yy-_FDg&t=2s
يمكنكم دعم القناة لاستمرار المحتوى على paypal من خلال الرابط التالي :
https://paypal.me/mamado77777?locale.x=ar_EG

#فنون_العربية_محمد_حسين",https://i.ytimg.com/vi/GeoiDO3Y6ls/hqdefault.jpg,available
"فنون العربية",https://www.youtube.com/@fonon_arabic,UC1Z2SVr3TMB7sPrJDw1D1_g,161,"أنواع الجمل ـ كيف نميز بين الجملة الاسمية و الفعلية ؟ سلسلة تعلم الإعراب 8",https://www.youtube.com/watch?v=9AR0d5IUSSo,9AR0d5IUSSo,2019-06-28T12:28:40Z,07:41,"1,491,378","شرح كيفية التمييز بين الجملة الاسمية و الفعلية و إعراب الجمل و تدريب على الدرس 
لمتابعة باقي السلسلة من هنا : 
شرح كيفية الإعراب من البداية و تحديد نوع الكلمة و موقعها الإعرابي و حالتها الإعرابية و علامتها الإعرابية من البداية بكل سهولة و يسر  من هنا : 
https://www.youtube.com/watch?v=4EymsJxwf9I
شرح درس علامات الإعراب الفرعية مع الأمثلة من هنا : 
https://www.youtube.com/watch?v=FUGuenhyaZ4
شرح درس علامات الإعراب  الأصلية : ( الضمة ـ الفتحة ـ الكسرة ) مع إعراب الأمثلة من هنا : 
https://www.youtube.com/watch?v=_GpJcCQl79w
شرح درس الاسم من حيث النوع ( المذكر و المؤنث ــ و الجمع بأنواعه ( المذكر السالم و المؤنث السالم و التكسير )  من هنا : 
https://www.youtube.com/watch?v=7waR_hQ2tjc 
تابعوا معنا باقي الدروس من هنا : 
الحروف و علاماتها و أنواعها : 
https://www.youtube.com/watch?v=5zVklJM2O7c
شرح تعريف الفعل و أنواع الفعل من حيث الزمن و علامات  الفعل و علامات كل نوع من أنواع الفعل  ( الماضي ـ المضارع ـ الأمر ) من هنا :
https://www.youtube.com/watch?v=z-ciHbclUXI
تابعوا علامات الاسم لن تخطئوا بها بعد الآن ـ سلسلة تعلم الإعراب 1 من هنا : 
https://www.youtube.com/watch?v=FlcpPE1RMK0
شرح درس حروف الجر و علامات الجر :
https://www.youtube.com/watch?v=yJ60Yy-_FDg&t=2s
يمكنكم دعم القناة لاستمرار المحتوى على paypal من خلال الرابط التالي :
https://paypal.me/mamado77777?locale.x=ar_EG

#فنون_العربية_محمد_حسين",https://i.ytimg.com/vi/9AR0d5IUSSo/hqdefault.jpg,available
"فنون العربية",https://www.youtube.com/@fonon_arabic,UC1Z2SVr3TMB7sPrJDw1D1_g,162,"كيف تعرب ؟ تعلم الإعراب من البداية . سلسلة تعلم الإعراب 7",https://www.youtube.com/watch?v=4EymsJxwf9I,4EymsJxwf9I,2019-06-21T01:00:02Z,07:15,"4,335,635","شرح كيفية الإعراب من البداية و تحديد نوع الكلمة و موقعها الإعرابي و حالتها الإعرابية و علامتها الإعرابية من البداية بكل سهولة و يسر 
لمتابعة باقي السلسلة من هنا : 
شرح درس علامات الإعراب الفرعية مع الأمثلة من هنا : 
https://www.youtube.com/watch?v=FUGuenhyaZ4
شرح درس علامات الإعراب  الأصلية : ( الضمة ـ الفتحة ـ الكسرة ) مع إعراب الأمثلة من هنا : 
https://www.youtube.com/watch?v=_GpJcCQl79w
شرح درس الاسم من حيث النوع ( المذكر و المؤنث ــ و الجمع بأنواعه ( المذكر السالم و المؤنث السالم و التكسير )  من هنا : 
https://www.youtube.com/watch?v=7waR_hQ2tjc 
تابعوا معنا باقي الدروس من هنا : 
الحروف و علاماتها و أنواعها : 
https://www.youtube.com/watch?v=5zVklJM2O7c
شرح تعريف الفعل و أنواع الفعل من حيث الزمن و علامات  الفعل و علامات كل نوع من أنواع الفعل  ( الماضي ـ المضارع ـ الأمر ) من هنا :
https://www.youtube.com/watch?v=z-ciHbclUXI
تابعوا علامات الاسم لن تخطئوا بها بعد الآن ـ سلسلة تعلم الإعراب 1 من هنا : 
https://www.youtube.com/watch?v=FlcpPE1RMK0
شرح درس حروف الجر و علامات الجر :
https://www.youtube.com/watch?v=yJ60Yy-_FDg&t=2s
يمكنكم دعم القناة لاستمرار المحتوى على paypal من خلال الرابط التالي :
https://paypal.me/mamado77777?locale.x=ar_EG

#فنون_العربية_محمد_حسين",https://i.ytimg.com/vi/4EymsJxwf9I/hqdefault.jpg,available
"فنون العربية",https://www.youtube.com/@fonon_arabic,UC1Z2SVr3TMB7sPrJDw1D1_g,163,"علامات الإعراب الفرعية شرح بالتفصيل ـ سلسلة تعلم الإعراب 6",https://www.youtube.com/watch?v=FUGuenhyaZ4,FUGuenhyaZ4,2019-06-20T00:48:52Z,10:32,"330,431","شرح درس علامات الإعراب الفرعية مع الأمثلة .
لمتابعة باقي السلسلة من هنا : 
شرح درس علامات الإعراب  الأصلية : ( الضمة ـ الفتحة ـ الكسرة ) مع إعراب الأمثلة من هنا : 
https://www.youtube.com/watch?v=_GpJcCQl79w
شرح درس الاسم من حيث النوع ( المذكر و المؤنث ــ و الجمع بأنواعه ( المذكر السالم و المؤنث السالم و التكسير )  من هنا : 
https://www.youtube.com/watch?v=7waR_hQ2tjc 
تابعوا معنا باقي الدروس من هنا : 
الحروف و علاماتها و أنواعها : 
https://www.youtube.com/watch?v=5zVklJM2O7c
شرح تعريف الفعل و أنواع الفعل من حيث الزمن و علامات  الفعل و علامات كل نوع من أنواع الفعل  ( الماضي ـ المضارع ـ الأمر ) من هنا :
https://www.youtube.com/watch?v=z-ciHbclUXI
تابعوا علامات الاسم لن تخطئوا بها بعد الآن ـ سلسلة تعلم الإعراب 1 من هنا : 
https://www.youtube.com/watch?v=FlcpPE1RMK0
شرح درس حروف الجر و علامات الجر :
https://www.youtube.com/watch?v=yJ60Yy-_FDg&t=2s
يمكنكم دعم القناة لاستمرار المحتوى على paypal من خلال الرابط التالي :
https://paypal.me/mamado77777?locale.x=ar_EG

#فنون_العربية_محمد_حسين",https://i.ytimg.com/vi/FUGuenhyaZ4/hqdefault.jpg,available
"فنون العربية",https://www.youtube.com/@fonon_arabic,UC1Z2SVr3TMB7sPrJDw1D1_g,164,"علامات الإعراب  الأصلية : ( الضمة ـ الفتحة ـ الكسرة ) سلسلة تعلم الإعراب 5",https://www.youtube.com/watch?v=_GpJcCQl79w,_GpJcCQl79w,2019-06-16T20:24:47Z,06:47,"418,601","شرح درس علامات الإعراب  الأصلية : ( الضمة ـ الفتحة ـ الكسرة ) مع إعراب الأمثلة في الدرس و تابعو معنا باقي السلسلة من هنا : 
شرح درس الاسم من حيث النوع ( المذكر و المؤنث ــ و الجمع بأنواعه ( المذكر السالم و المؤنث السالم و التكسير )  من هنا : 
https://www.youtube.com/watch?v=7waR_hQ2tjc 
تابعوا معنا باقي الدروس من هنا : 
الحروف و علاماتها و أنواعها : 
https://www.youtube.com/watch?v=5zVklJM2O7c
شرح تعريف الفعل و أنواع الفعل من حيث الزمن و علامات  الفعل و علامات كل نوع من أنواع الفعل  ( الماضي ـ المضارع ـ الأمر ) من هنا :
https://www.youtube.com/watch?v=z-ciHbclUXI
تابعوا علامات الاسم لن تخطئوا بها بعد الآن ـ سلسلة تعلم الإعراب 1 من هنا : 
https://www.youtube.com/watch?v=FlcpPE1RMK0
شرح درس حروف الجر و علامات الجر :
https://www.youtube.com/watch?v=yJ60Yy-_FDg&t=2s
يمكنكم دعم القناة لاستمرار المحتوى على paypal من خلال الرابط التالي :
https://paypal.me/mamado77777?locale.x=ar_EG

#فنون_العربية_محمد_حسين",https://i.ytimg.com/vi/_GpJcCQl79w/hqdefault.jpg,available
"فنون العربية",https://www.youtube.com/@fonon_arabic,UC1Z2SVr3TMB7sPrJDw1D1_g,165,"المفرد و المثنى و الجمع بأنواعه ( المذكر السالم و المؤنث السالم و التكسير ) سلسلة تعلم الإعراب 4",https://www.youtube.com/watch?v=7waR_hQ2tjc,7waR_hQ2tjc,2019-06-13T23:20:49Z,16:00,"1,338,967","شرح درس الاسم من حيث النوع ( المذكر و المؤنث ــ و الجمع بأنواعه ( المذكر السالم و المؤنث السالم و التكسير ) من ضمن سلسلة تعلم الإعراب . 
تابعوا معنا باقي الدروس من هنا : 
الحروف و علاماتها و أنواعها : 
https://www.youtube.com/watch?v=5zVklJM2O7c
شرح تعريف الفعل و أنواع الفعل من حيث الزمن و علامات  الفعل و علامات كل نوع من أنواع الفعل  ( الماضي ـ المضارع ـ الأمر ) من هنا :
https://www.youtube.com/watch?v=z-ciHbclUXI
تابعوا علامات الاسم لن تخطئوا بها بعد الآن ـ سلسلة تعلم الإعراب 1 من هنا : 
https://www.youtube.com/watch?v=FlcpPE1RMK0
شرح درس حروف الجر و علامات الجر :
https://www.youtube.com/watch?v=yJ60Yy-_FDg&t=2s
يمكنكم دعم القناة لاستمرار المحتوى على paypal من خلال الرابط التالي :
https://paypal.me/mamado77777?locale.x=ar_EG

#فنون_العربية_محمد_حسين",https://i.ytimg.com/vi/7waR_hQ2tjc/hqdefault.jpg,available
"فنون العربية",https://www.youtube.com/@fonon_arabic,UC1Z2SVr3TMB7sPrJDw1D1_g,166,"الحروف و علاماتها و أنواعها ـ سلسلة تعلم الإعراب 3",https://www.youtube.com/watch?v=5zVklJM2O7c,5zVklJM2O7c,2019-06-08T17:21:35Z,05:22,"227,928","شرح درس الحروف و علاماتها و أنواعها ـ استكمالا  لسلسلة تعلم الإعراب 3
شرح تعريف الفعل و أنواع الفعل من حيث الزمن و علامات  الفعل و علامات كل نوع من أنواع الفعل  ( الماضي ـ المضارع ـ الأمر ) من هنا :
https://www.youtube.com/watch?v=z-ciHbclUXI
تابعوا علامات الاسم لن تخطئوا بها بعد الآن ـ سلسلة تعلم الإعراب 1 من هنا : 
https://www.youtube.com/watch?v=FlcpPE1RMK0
شرح درس حروف الجر و علامات الجر :
https://www.youtube.com/watch?v=yJ60Yy-_FDg&t=2s
#فنون_العربية_محمد_حسين",https://i.ytimg.com/vi/5zVklJM2O7c/hqdefault.jpg,available
"فنون العربية",https://www.youtube.com/@fonon_arabic,UC1Z2SVr3TMB7sPrJDw1D1_g,167,"أنواع الفعل ( الماضي و المضارع و الأمر ) و علامات كل نوع شرح بالتفصيل ــ سلسلة تعلم الإعراب 2",https://www.youtube.com/watch?v=z-ciHbclUXI,z-ciHbclUXI,2019-06-06T21:45:14Z,11:14,"1,460,278","شرح تعريف الفعل و أنواع الفعل من حيث الزمن و علامات  الفعل و علامات كل نوع من أنواع الفعل  ( الماضي ـ المضارع ـ الأمر )
تابعوا علامات الاسم لن تخطئوا بها بعد الآن ـ سلسلة تعلم الإعراب 1 من هنا : 
https://www.youtube.com/watch?v=FlcpPE1RMK0
لمتابعة الشرح بالصور و أمثلة أكثر من هنا : 
https://www.fononarabic.com/2019/06/types-of-verb-signs.html
#فنون_العربية_محمد_حسين",https://i.ytimg.com/vi/z-ciHbclUXI/hqdefault.jpg,available
"فنون العربية",https://www.youtube.com/@fonon_arabic,UC1Z2SVr3TMB7sPrJDw1D1_g,168,"علامات الاسم لن تخطئوا بها بعد الآن ـ سلسلة تعلم الإعراب 1",https://www.youtube.com/watch?v=FlcpPE1RMK0,FlcpPE1RMK0,2019-05-21T11:08:21Z,05:38,"539,028","تعلم الإعراب يبدأ من تعلم التفريق بين الاسم و الفعل و الحرف من هنا البداية . 
اختبر نفسك من هنا :
https://forms.gle/VxFwfBygoeJEbqHA8
أسماء الإشارة لجميع المراحل الابتدائية و المتوسطة (الإعدادية) بطريقة سهلة و جميلة :
https://youtu.be/eO0c3sBP6Zg
الأسماء الموصولة كاملة المختصة و المشتركة  :
https://youtu.be/tPIEgfxmDr0 
الضمائر المنفصلة (المتكلم و المخاطب و الغائب) :
https://youtu.be/aYnw3u2ChRI
#فنون_العربية_محمد_حسين",https://i.ytimg.com/vi/FlcpPE1RMK0/hqdefault.jpg,available
"فنون العربية",https://www.youtube.com/@fonon_arabic,UC1Z2SVr3TMB7sPrJDw1D1_g,169,"الهمزة المتوسطة بحالاتها المختلفة على  الياء ـ الواو ـ الألف ـ السطر  بالتفصيل",https://www.youtube.com/watch?v=Zu6W9eO6B8Q,Zu6W9eO6B8Q,2019-03-23T05:58:14Z,17:05,"1,130,368","شرح درس الهمزة المتوسطة في جميع الحالات في مقطع واحد لتسهيل المتابعة للدرس و من أراد كل درس منفصل من هنا : 
مشاهدة شرح درس الهمزة المتوسطة على الألف :
 https://youtu.be/O4a3qPro0Lo
مشاهدة شرح درس الهمزة المتوسطة على الواو من هنا : https://youtu.be/T4r_gsnWV5M 
مشاهدة أيضا شرح درس الهمزة المتوسطة على الياء : https://youtu.be/KYFJnuSvH6w
شرح درس الهمزة المتوسطة على السطر :
https://youtu.be/l0a-l9JneaM
مشاهدة شرح درس الهمزة المتطرفة من هنا : 
https://youtu.be/Ddjsp90qy7c
مشاهدة درس همزة الوصل و همزة القطع من هنا : 
https://youtu.be/WLLyn3VWPrM
#فنون_العربية_محمد_حسين",https://i.ytimg.com/vi/Zu6W9eO6B8Q/hqdefault.jpg,available
"فنون العربية",https://www.youtube.com/@fonon_arabic,UC1Z2SVr3TMB7sPrJDw1D1_g,170,"الهمزة المتوسطة على السطر شرح بطريقة سهلة وبسيطة",https://www.youtube.com/watch?v=l0a-l9JneaM,l0a-l9JneaM,2019-03-18T19:48:07Z,04:42,"254,129","تابعوا جميع دروس الهمزة من هنا : 
مشاهدة شرح درس الهمزة المتوسطة على الألف :
 https://youtu.be/O4a3qPro0Lo
مشاهدة شرح درس الهمزة المتوسطة على الواو من هنا : https://youtu.be/T4r_gsnWV5M 
مشاهدة أيضا شرح درس الهمزة المتوسطة على الياء : https://youtu.be/KYFJnuSvH6w
مشاهدة شرح درس الهمزة المتطرفة من هنا : 
https://youtu.be/Ddjsp90qy7c
مشاهدة درس همزة الوصل و همزة القطع من هنا : 
https://youtu.be/WLLyn3VWPrM
#فنون_العربية_محمد_حسين",https://i.ytimg.com/vi/l0a-l9JneaM/hqdefault.jpg,available
"فنون العربية",https://www.youtube.com/@fonon_arabic,UC1Z2SVr3TMB7sPrJDw1D1_g,171,"الهمزة المتوسطة على الألف بطريقة سهلة و بسيطة",https://www.youtube.com/watch?v=O4a3qPro0Lo,O4a3qPro0Lo,2019-03-15T20:50:31Z,05:44,"228,707","شرح درس الهمزة المتوسطة على الألف بالتفصيل : 
شاهد شرح درس الهمزة المتوسطة على الواو من هنا : https://youtu.be/T4r_gsnWV5M 
شاهد أيضا شرح درس الهمزة المتوسطة على الياء : https://youtu.be/KYFJnuSvH6w
#فنون_العربية_محمد_حسين",https://i.ytimg.com/vi/O4a3qPro0Lo/hqdefault.jpg,available
"فنون العربية",https://www.youtube.com/@fonon_arabic,UC1Z2SVr3TMB7sPrJDw1D1_g,172,"الهمزة المتوسطة على الواو شرح بالتفصيل بطريقة سهلة و ميسرة",https://www.youtube.com/watch?v=T4r_gsnWV5M,T4r_gsnWV5M,2019-03-08T20:21:10Z,05:27,"308,523","شرح درس الهمزة المتوسطة على الواو بالتفصيل . إذا أعجبك المقطع فعمل إعجاب على المقطع تسعدنا و لا تنس مشاركة المقطع كي تعم الفائدة و شكرا لكم مقدما . 
شرح درس الهمزة المتوسطة على الياء من هنا : https://youtu.be/KYFJnuSvH6w
#فنون_العربية_محمد_حسين",https://i.ytimg.com/vi/T4r_gsnWV5M/hqdefault.jpg,available
"فنون العربية",https://www.youtube.com/@fonon_arabic,UC1Z2SVr3TMB7sPrJDw1D1_g,173,"الهمزة المتوسطة على الياء  ( نبرة ـ كرسي ) شرح بالتفصيل بطريقة سهلة و ميسرة",https://www.youtube.com/watch?v=KYFJnuSvH6w,KYFJnuSvH6w,2019-02-24T06:04:18Z,07:48,"325,665","الهمزة المتوسطة على الياء  ( نبرة ـ كرسي ) شرح بالتفصيل بطريقة سهلة و ميسرة  
كيف تكتب الهمزة المتوسطة على الياء بدون أخطاء ؟ #فنون_العربية_محمد_حسين",https://i.ytimg.com/vi/KYFJnuSvH6w/hqdefault.jpg,available
"فنون العربية",https://www.youtube.com/@fonon_arabic,UC1Z2SVr3TMB7sPrJDw1D1_g,174,"نص نداء الأثير للصف الثاني المتوسط ١٤٤٢ ف١ للشاعر الدكتور فواز اللعبون",https://www.youtube.com/watch?v=1fkeIYbFE9k,1fkeIYbFE9k,2019-01-09T05:50:44Z,03:51,"166,665","نص نداء الأثير للصف الثاني المتوسط ١٤٤٢ هـ ف ١ للشاعر الدكتور فواز اللعبون  .  #فنون_العربية_محمد_حسين",https://i.ytimg.com/vi/1fkeIYbFE9k/hqdefault.jpg,available
"فنون العربية",https://www.youtube.com/@fonon_arabic,UC1Z2SVr3TMB7sPrJDw1D1_g,175,"الفرق بين الأثرة و الإيثار و بين القاسط و المقسط",https://www.youtube.com/watch?v=_iZ_7bv88kw,_iZ_7bv88kw,2018-12-30T11:18:40Z,01:36,"5,869","من جمال لغتنا العربية أنها في إختلاف الحركات أو بعض الحروف يغير المعنى كثيرا و منها :الفرق بين الأثرة و الإيثار و بين القاسط و المقسط . #فنون_العربية_محمد_حسين",https://i.ytimg.com/vi/_iZ_7bv88kw/hqdefault.jpg,available
"فنون العربية",https://www.youtube.com/@fonon_arabic,UC1Z2SVr3TMB7sPrJDw1D1_g,176,"نشيد توازن الغذاء الصف الرابع ف1",https://www.youtube.com/watch?v=JdDL3nOVTjw,JdDL3nOVTjw,2018-10-22T19:21:13Z,01:36,"26,147","نشيد التوازن الغذائي الصف الرابع الابتدائي الفصل الدراسي الأول المملكة العربية السعودية 
نشيد توازن الغذاء السنة الثانية الجيل الثاني الجزائر",https://i.ytimg.com/vi/JdDL3nOVTjw/hqdefault.jpg,available
"فنون العربية",https://www.youtube.com/@fonon_arabic,UC1Z2SVr3TMB7sPrJDw1D1_g,177,"الأسماء الموصولة كاملة  المختصة و المشتركة",https://www.youtube.com/watch?v=tPIEgfxmDr0,tPIEgfxmDr0,2018-10-12T20:50:49Z,05:49,"1,631,100","تعلم الأسماء الموصولة كاملة  المختصة و المشتركة المعرب و المبني و المعرفة 
يمكنكم دعم القناة لاستمرار المحتوى على paypal من خلال الرابط التالي :
https://paypal.me/mamado77777?locale.x=ar_EG

#فنون_العربية_محمد_حسين",https://i.ytimg.com/vi/tPIEgfxmDr0/hqdefault.jpg,available
"فنون العربية",https://www.youtube.com/@fonon_arabic,UC1Z2SVr3TMB7sPrJDw1D1_g,178,"سبح الطير و كبر منشدا الله أكبر للصف السادس مدخل الوحدة الثانية ف1",https://www.youtube.com/watch?v=oEyymGs24r0,oEyymGs24r0,2018-10-07T19:09:08Z,02:35,"19,235","نشيد سبح الطير للصف السادس ف1 مدخل الوحدة الثانية",https://i.ytimg.com/vi/oEyymGs24r0/hqdefault.jpg,available
"فنون العربية",https://www.youtube.com/@fonon_arabic,UC1Z2SVr3TMB7sPrJDw1D1_g,179,"الرياض عاصمة بلادي ـ قراءة صوتية للصف الثالث الابتدائي الطبعة الجديدة ١٤٤١ هجرية",https://www.youtube.com/watch?v=bWx3mfFLgCk,bWx3mfFLgCk,2018-10-06T18:16:16Z,03:00,"114,621","درس مدينة الرياض للصف الثالث الابتدائي الطبعة الجديدة 1440 ف1 ص51 للتدريب على القراءة الصحيحة",https://i.ytimg.com/vi/bWx3mfFLgCk/hqdefault.jpg,available
"فنون العربية",https://www.youtube.com/@fonon_arabic,UC1Z2SVr3TMB7sPrJDw1D1_g,180,"كيف تكتب بخط جميل  بالقلم العادي ؟",https://www.youtube.com/watch?v=7cuPq1HZkAQ,7cuPq1HZkAQ,2018-09-20T21:54:16Z,04:58,"5,346,203","كيف تحسن خطك بالقلم العادي ؟ نصائح لتحسين الكتابة العربية و تحسين الخط العربي  
شاه من هنا أيضا ، كيف نكتب بخط جميل بالقلم العادي 2
https://youtu.be/xyjzIQZHoiE
#فنون_العربية_محمد_حسين",https://i.ytimg.com/vi/7cuPq1HZkAQ/hqdefault.jpg,available
"فنون العربية",https://www.youtube.com/@fonon_arabic,UC1Z2SVr3TMB7sPrJDw1D1_g,181,"همزة الوصل و همزة القطع شرح مفصل ـ كي تتفوقوا في الإملاء .",https://www.youtube.com/watch?v=WLLyn3VWPrM,WLLyn3VWPrM,2018-08-24T17:26:41Z,10:10,"5,455,985","شرح درس همزة الوصل ( ألف الوصل )  و همزة القطع بالتفصيل . شاهدوا أيضا دروس الهمزات في مواضع مختلفة :
مشاهدة الهمزة المتوسطة في جميع حالاتها من هنا :
https://youtu.be/Zu6W9eO6B8Q
مشاهدة شرح درس الهمزة المتطرفة من هنا : 
https://youtu.be/Ddjsp90qy7c
مشاهدة شرح درس الهمزة المتوسطة على الألف :
 https://youtu.be/O4a3qPro0Lo
مشاهدة شرح درس الهمزة المتوسطة على الواو من هنا : https://youtu.be/T4r_gsnWV5M 
مشاهدة أيضا شرح درس الهمزة المتوسطة على الياء : https://youtu.be/KYFJnuSvH6w
شرح درس الهمزة المتوسطة على السطر :
https://youtu.be/l0a-l9JneaM
مشاهدة درس همزة الوصل و همزة القطع من هنا : 
https://youtu.be/WLLyn3VWPrM
يمكنكم دعم القناة لاستمرار المحتوى على paypal من خلال الرابط التالي :
https://paypal.me/mamado77777?locale.x=ar_EG

#فنون_العربية_محمد_حسين",https://i.ytimg.com/vi/WLLyn3VWPrM/hqdefault.jpg,available
"فنون العربية",https://www.youtube.com/@fonon_arabic,UC1Z2SVr3TMB7sPrJDw1D1_g,182,"الهمزة المتطرفة شرح بالتفصيل",https://www.youtube.com/watch?v=Ddjsp90qy7c,Ddjsp90qy7c,2018-08-17T20:59:50Z,08:56,"850,641","شرح الهمزة المتطرفة بالتفصيل أرجو ان تنال إعجابكم 
و يسعدني اشتراككم في القناة و تفعيل الجرس ، كي يصلكم كل جديد .
مشاهدة الهمزة المتوسطة في جميع حالاتها من هنا :
https://youtu.be/Zu6W9eO6B8Q
مشاهدة درس همزة الوصل و همزة القطع من هنا : 
https://youtu.be/WLLyn3VWPrM
مشاهدة شرح درس الهمزة المتطرفة من هنا : 
https://youtu.be/Ddjsp90qy7c
مشاهدة شرح درس الهمزة المتوسطة على الألف :
 https://youtu.be/O4a3qPro0Lo
مشاهدة شرح درس الهمزة المتوسطة على الواو من هنا : https://youtu.be/T4r_gsnWV5M 
مشاهدة أيضا شرح درس الهمزة المتوسطة على الياء : https://youtu.be/KYFJnuSvH6w
شرح درس الهمزة المتوسطة على السطر :
https://youtu.be/l0a-l9JneaM
#فنون_العربية_محمد_حسين",https://i.ytimg.com/vi/Ddjsp90qy7c/hqdefault.jpg,available
"فنون العربية",https://www.youtube.com/@fonon_arabic,UC1Z2SVr3TMB7sPrJDw1D1_g,183,"الهاء و التاء المربوطة القول الفصل في التفريق بينهما .",https://www.youtube.com/watch?v=7cvN1anNsZ0,7cvN1anNsZ0,2018-08-10T23:15:19Z,08:41,"155,132","كيفية التفريق بين التاء المربوطة و الهاء في آخر الكلمة بطريقة سهلة و بسيطة 
إذا أعجبك المقطع ، فلا تنس الاشتراك معنا و تفعيل الجرس لتصل جميع الدروس .
#فنون_العربية_محمد_حسين",https://i.ytimg.com/vi/7cvN1anNsZ0/hqdefault.jpg,available
"فنون العربية",https://www.youtube.com/@fonon_arabic,UC1Z2SVr3TMB7sPrJDw1D1_g,184,"حروف الجر بطريقة رائعة مع علامات الإعراب",https://www.youtube.com/watch?v=yJ60Yy-_FDg,yJ60Yy-_FDg,2018-07-28T23:29:00Z,08:15,"320,968","شرح درس حروف الجر بطريقة رائعة وسهلة مع علامات الإعراب و أمثلة عليها
#فنون_العربية_محمد_حسين",https://i.ytimg.com/vi/yJ60Yy-_FDg/hqdefault.jpg,available
"فنون العربية",https://www.youtube.com/@fonon_arabic,UC1Z2SVr3TMB7sPrJDw1D1_g,185,"الضمائر المنفصلة ( المتكلم و المخاطب و الغائب )  مع الشرح بطريقة سهلة و بسيطة",https://www.youtube.com/watch?v=aYnw3u2ChRI,aYnw3u2ChRI,2018-07-25T22:07:27Z,04:37,"787,867","شرح الضمائر المنفصلة ( المتكلم و المخاطب و الغائب ) بطريقة سهلة و بسيطة
#فنون_العربية_محمد_حسين
الضمائر المتصلة و إعرابها بالتفصيل ــ سلسلة تعلم الإعراب 15
https://youtu.be/cGxdW8XgiOs
إعراب الضمائر المتصلة مع الاسم  من هنا : 
https://www.youtube.com/watch?v=eCbCWzdE4iI&t=61s",https://i.ytimg.com/vi/aYnw3u2ChRI/hqdefault.jpg,available
"فنون العربية",https://www.youtube.com/@fonon_arabic,UC1Z2SVr3TMB7sPrJDw1D1_g,186,"أسماء الإشارة للقريب و البعيد بطريقة سهلة و جميلة",https://www.youtube.com/watch?v=eO0c3sBP6Zg,eO0c3sBP6Zg,2018-07-21T21:57:01Z,09:32,"461,071","أسماء الإشارة لجميع المراحل الابتدائية و المتوسطة ( الإعدادية ) بطريقة سهلة و جميلة 
و متسلسلة حسب العمر
إذا أعجبك المقطع فلا تنس الاشتراك في القناة و الضغط على زر الإعجاب و مشاركة المقطع لتعم الفائدة و شكرا مقدما . #فنون_العربية_محمد_حسين",https://i.ytimg.com/vi/eO0c3sBP6Zg/hqdefault.jpg,available
"فنون العربية",https://www.youtube.com/@fonon_arabic,UC1Z2SVr3TMB7sPrJDw1D1_g,187,"أقسام الكلام المفيد في اللغة العربية مع الأمثلة و الشرح و اختبار",https://www.youtube.com/watch?v=RSrcYraSpk8,RSrcYraSpk8,2018-07-07T23:46:31Z,09:27,"28,483","أقسام الكلام المفيد في اللغة العربية مع الأمثلة و الشرح و اختبار  قصير عن الدرس 
الاختبار من  هنا :   https://goo.gl/KpViqx
#فنون_العربية_محمد_حسين",https://i.ytimg.com/vi/RSrcYraSpk8/hqdefault.jpg,available
"فنون العربية",https://www.youtube.com/@fonon_arabic,UC1Z2SVr3TMB7sPrJDw1D1_g,188,"شرح درس الأعداد من واحد إلى عشرة بالتفصيل",https://www.youtube.com/watch?v=x8DzMFSo5Ug,x8DzMFSo5Ug,2018-03-30T19:32:18Z,05:29,"44,978","الأسلوب اللغوي _ شرح درس الأعداد من واحد إلى عشرة
التمييز بأنواعه بطريقة رائعة ــ سلسلة تعلم الإعراب 39.mp4
https://youtu.be/Z3VulRoUu1I
#فنون_العربية_محمد_حسين",https://i.ytimg.com/vi/x8DzMFSo5Ug/hqdefault.jpg,available
"فنون العربية",https://www.youtube.com/@fonon_arabic,UC1Z2SVr3TMB7sPrJDw1D1_g,189,"# اكتبها _ صح 4 _ كلمات همزتها همزة وصل ( اسم ـ ابن ـ ابنة ...... )",https://www.youtube.com/watch?v=CCs4ID1pu-I,CCs4ID1pu-I,2018-03-15T20:27:26Z,04:32,"114,553","كلمات همزتها همزة وصل يكثر الخطأ فيها منها : ( اسم و ابن و ابنة و اثنان و اثنتان و امرؤ و امرأة )
#فنون_العربية_محمد_حسين",https://i.ytimg.com/vi/CCs4ID1pu-I/hqdefault.jpg,available
"فنون العربية",https://www.youtube.com/@fonon_arabic,UC1Z2SVr3TMB7sPrJDw1D1_g,190,"# اكتبها _صح _ 3 كتابة كلمة اسم",https://www.youtube.com/watch?v=C0LFe853UvI,C0LFe853UvI,2018-03-09T20:35:41Z,00:54,"41,295","اكتبها صح - كتابة كلمة (  اسم ) لما بها من خطأ شائع
#فنون_العربية_محمد_حسين",https://i.ytimg.com/vi/C0LFe853UvI/hqdefault.jpg,available
"فنون العربية",https://www.youtube.com/@fonon_arabic,UC1Z2SVr3TMB7sPrJDw1D1_g,191,"# اكتبها _ صح 2- جزاك الله خيرا",https://www.youtube.com/watch?v=p40xHe9O-s4,p40xHe9O-s4,2018-03-03T19:07:16Z,00:58,"12,492","اكتبها صح   سلسلة تعالج الأخطاء الإملائية الشائعة و ترسخ القواعد الإملائية الصحيحة على شكل مقاطع بسيطة و صغيرة .
#فنون_العربية_محمد_حسين",https://i.ytimg.com/vi/p40xHe9O-s4/hqdefault.jpg,available
"فنون العربية",https://www.youtube.com/@fonon_arabic,UC1Z2SVr3TMB7sPrJDw1D1_g,192,"اكتبها صح ـ صل على النبي ( صلى الله عليه و سلم )",https://www.youtube.com/watch?v=JU_tksOTIP0,JU_tksOTIP0,2018-03-01T21:18:11Z,00:24,"14,637","اكتبها صح   سلسلة تعالج الأخطاء الإملائية الشائعة و ترسخ القواعد الإملائية الصحيحة على شكل مقاطع بسيطة و صغيرة .
#فنون_العربية_محمد_حسين",https://i.ytimg.com/vi/JU_tksOTIP0/hqdefault.jpg,available
